Num_Acc,an,mois,jour,hrmn,lum,agg,int,atm,col,com,adr,gps,lat,long,dep
201800057693,18,8,3,1033,1,2,1,1.0,3.0,611,kaweni-Europe (avenue),Y,1276967.0,4522217.0,976
201800037441,18,5,19,2215,5,2,3,1.0,3.0,12,"152, PARIS (RUE DE) 97BI",M,4884170.0,223445.0,920
201800037827,18,7,7,15,5,2,1,1.0,1.0,25,"34, CHARLES DE GAULLE (B",M,,,920
201800041970,18,4,7,1030,1,2,3,1.0,6.0,28,PARE/DE GAULLE,M,4878770.0,244634.0,940
201800000477,18,5,2,1700,1,2,6,2.0,7.0,188,Rond point D321,M,4930365.0,113003.0,270
201800022784,18,1,19,1815,3,1,3,2.0,3.0,410,D3,M,4907369.0,381197.0,510
201800033219,18,5,20,1010,1,1,1,2.0,1.0,43,départementale 14,M,4323983.0,634946.0,830
201800053116,18,9,13,1320,2,2,1,8.0,2.0,115,BOULEVARD GENERAL MARTIA,M,4883678.0,227626.0,750
201800008756,18,3,29,1525,1,2,1,1.0,7.0,55,178 Léon Lachamp,M,4324922.0,545122.0,130
201800008579,18,2,22,1000,1,2,1,1.0,3.0,55,19 Bd de Pont de Vivaux,M,4327969.0,541794.0,130
201800024375,18,7,26,1120,1,2,1,1.0,2.0,172,FABRE DE MORLHON (BOULEV,M,4358885.0,388919.0,340
201800004851,18,5,7,1425,1,1,1,1.0,7.0,23,route départementale 97,M,4901187.0,286788.0,770
201800029307,18,7,12,1920,1,1,3,1.0,2.0,43,BELLE CROIX (RUE DE LA),M,5071720.0,269408.0,590
201800023138,18,6,29,115,5,1,1,1.0,7.0,555,VA007473 A62,M,4364575.0,146698.0,310
201800004033,18,6,23,355,3,1,3,1.0,6.0,58,RD610,M,4369397.0,401078.0,340
201800039828,18,9,11,2250,3,2,1,1.0,1.0,27,BARBUSSE (AVENUE HENRI),M,4893200.0,239815.0,930
201800027877,18,4,4,1625,1,2,1,1.0,6.0,502,EXODE,M,4910491.0,-108606.0,500
201800022497,18,7,22,100,5,1,1,1.0,7.0,7,CYPRES (MONTEE DES),M,4410030.0,408100.0,300
201800033499,18,7,2,900,1,2,2,1.0,6.0,12,FLORISSANT (AVENUE),M,4619895.0,624509.0,740
201800008538,18,2,15,730,2,2,1,2.0,6.0,55,"15, DE SAINT LOUIS AU RO",M,4334799.0,535838.0,130
201800038706,18,7,20,1115,1,2,1,8.0,6.0,51,LONGCHAMP (RUE DE),M,4887797.0,225175.0,920
201800023901,18,4,20,1200,1,2,1,1.0,6.0,63,RUE DU CHATEAU D'EAU,M,4484092.0,-58337.0,330
201800055707,18,11,25,2305,3,2,4,2.0,7.0,120,ECHANGEUR BAGNOLET,M,4886493.0,241257.0,750
201800046513,18,4,10,2025,2,1,1,1.0,5.0,434,AUTOROUTE A6,M,4866897.0,235183.0,910
201800011987,18,6,9,2315,5,2,1,1.0,6.0,187,avenue de l'océan,M,4385172.0,-137691.0,400
201800031963,18,10,5,1815,1,2,3,1.0,3.0,482,JOSEPH WEYDMANN (RUE),M,4854669.0,775541.0,670
201800020816,18,3,6,1615,1,2,7,3.0,6.0,187,"5, REPUBLIQUE (Place de",M,4853544.0,-276997.0,220
201800028873,18,12,11,1058,1,2,1,1.0,1.0,121,CARNOT (RUE  LAZARE ),M,4774083.0,-336786.0,560
201800049876,18,6,6,820,1,1,1,1.0,2.0,55,A7-Sens Marseille vers L,M,4334246.0,537629.0,130
201800056657,18,11,29,910,1,1,9,7.0,1.0,113,SECTEUR DAMPIERRE,A,1620999.0,6147070.0,971
201800013283,18,2,13,1715,1,1,3,8.0,3.0,381,La Bourrelière,M,4860142.0,-97693.0,500
201800000589,18,9,16,1820,1,1,1,1.0,3.0,307,RD700,M,4844473.0,-280533.0,220
201800011077,18,2,11,2330,3,1,1,4.0,6.0,366,"0, JEAN XXIII (AVENUE)",,,,140
201800046005,18,7,19,440,5,1,1,1.0,6.0,64,A13,M,4883909.0,221822.0,920
201800018882,18,10,12,1732,1,1,1,1.0,7.0,94,Keranden,M,4778200.0,-323860.0,560
201800054147,18,7,3,2105,1,2,3,1.0,3.0,118,"41, RUE ORDENER",M,4889090.0,235320.0,750
201800050196,18,12,24,2150,3,1,1,1.0,3.0,81,A7-Sens Lyon vers Marsei,M,4347840.0,523980.0,130
201800009268,18,6,30,2240,5,2,9,1.0,1.0,55,chemin SAINTE MARTHE,M,4332350.0,538911.0,130
201800032390,18,3,9,1015,1,2,1,1.0,2.0,290,PETROLES (DES),M,4568859.0,491492.0,690
201800033812,18,7,6,825,1,2,3,1.0,3.0,351,GEORGE V (QUAI),M,4949099.0,11120.0,760
201800024322,18,5,8,1115,1,2,1,1.0,6.0,172,BOLOGNE (RUE DE),M,4363057.0,382020.0,340
201800029224,18,7,5,2225,4,2,3,1.0,3.0,194,MADEMOISELLE BOURGEOIS,M,4698000.0,312000.0,580
201800022735,18,5,23,1000,1,1,1,1.0,6.0,85,Lieux-dit LA CHASSE,M,4841676.0,-176581.0,350
201800006934,18,5,20,1825,1,1,1,1.0,6.0,137,a81 - PK 261+300,M,4807498.0,-94981.0,530
201800041118,18,1,30,1900,1,2,3,2.0,6.0,72,"00, ARISTIDE BRIAND (AVE",M,4896236.0,237978.0,930
201800051882,18,12,12,1115,1,2,1,1.0,6.0,111,BOULEVARD VOLTAIRE,M,4885427.0,238633.0,750
201800021139,18,12,22,1815,2,2,1,1.0,6.0,333,place Désiré Valette,M,4517644.0,481557.0,260
201800056221,18,6,24,1130,1,1,1,1.0,1.0,613,RD1 - PK 17+100,Y,1275126.0,4508703.0,976
201800049021,18,10,6,1544,1,1,1,1.0,5.0,63,ROCADE A 630,M,4488378.0,-55733.0,330
201800051962,18,3,18,1310,1,2,1,1.0,7.0,112,RUE ROBERT ETLIN,M,4882810.0,238901.0,750
201800047239,18,7,20,1523,1,1,1,1.0,6.0,120,MARANA (ROUTE),M,4265159.0,945111.0,202
201800009135,18,6,7,1145,1,2,1,1.0,6.0,55,BRETEUIL (RUE),M,4328649.0,537736.0,130
201800035697,18,6,8,1745,1,1,9,1.0,5.0,80,CD 942 DE CARPENTRAS A R,M,4404569.0,500134.0,840
201800057095,18,11,5,640,1,1,6,1.0,6.0,302,ROUTE NATIONALE 1,G,490660.0,5232250.0,973
201800013803,18,10,1,1830,1,1,1,1.0,6.0,367,le grand maillencourt,M,4794408.0,-8956.0,720
201800045052,18,7,7,130,3,1,1,1.0,2.0,48,AUTOROUTE A3,M,4887264.0,243460.0,930
201800003264,18,7,19,800,1,2,2,1.0,3.0,342,Avenue de Charolles,M,4645023.0,412784.0,710
201800027712,18,4,2,1915,1,2,1,1.0,7.0,129,ATLANTIQUE (BOULEVARD DE,M,4962973.0,-163252.0,500
201800010596,18,3,28,1215,1,1,1,2.0,3.0,117,RD 400 A,M,4927400.0,-12164.0,140
201800048350,18,6,20,1930,1,2,2,1.0,2.0,387,GARIBALDI,M,4574655.0,485008.0,690
201800027048,18,3,8,1200,1,1,1,1.0,2.0,31,LIEU DIT BRUQUIERES,M,4417270.0,65334.0,470
201800042058,18,11,23,1530,1,2,2,8.0,3.0,28,CHOISY(ROUTE DE),M,4877672.0,244150.0,940
201800057166,18,2,25,1615,1,2,1,1.0,1.0,407,CARPAYE(AVENUE),R,2094628.0,5529823.0,974
201800042019,18,8,12,1430,1,2,1,1.0,2.0,28,MECHES.(RUE DES),M,4879225.0,245768.0,940
201800000463,18,6,30,1200,1,1,2,1.0,1.0,343,intersection RD57 - RD65,M,4906414.0,137444.0,270
201800037210,18,10,25,1840,2,2,2,1.0,3.0,4,BAS ( RUE DES ),M,4891117.0,229846.0,920
201800013984,18,4,15,1710,1,2,3,1.0,3.0,189,Rue du Saintois,M,4846724.0,595371.0,540
201800032181,18,12,17,1650,2,2,1,1.0,6.0,224,KINGERSHEIM (RUE DE),M,4777303.0,732719.0,680
201800013718,18,9,21,1730,1,2,1,1.0,1.0,68,336 chemin des claps,M,4373546.0,694520.0,60
201800000587,18,7,13,1830,1,1,1,1.0,7.0,99,moulin de la ville cadio,M,4838426.0,-289224.0,220
201800001247,18,10,20,1450,1,1,3,1.0,7.0,12,D208 / R.des Guneres,M,4499900.0,-70402.0,330
201800008973,18,5,9,2045,5,2,1,2.0,3.0,55,SAINT LOUP (BOULEVARD DE,M,4328502.0,544076.0,130
201800047899,18,2,8,2135,3,1,1,1.0,2.0,435,AUTOROUTE A23,M,5050997.0,321115.0,590
201800016948,18,2,23,1445,1,1,1,1.0,1.0,551,RD 901,M,4898550.0,572411.0,550
201800051286,18,12,13,1940,3,2,7,1.0,3.0,117,PLACE DE LA PORTE MAILLO,M,4890000.0,228236.0,750
201800052294,18,12,21,2320,5,2,7,2.0,6.0,112,BOULEVARD DE PICPUS,M,4884519.0,240190.0,750
201800019304,18,7,31,2038,2,1,1,1.0,6.0,262,D674 PK36+25,M,4897879.0,673666.0,570
201800034118,18,10,18,1715,1,1,3,1.0,3.0,391,138 RN,M,4933125.0,91803.0,760
201800009764,18,9,21,2255,5,2,1,1.0,6.0,55,SALVADOR ALLENDE (RUE),M,4332976.0,539385.0,130
201800050031,18,10,1,955,1,1,1,1.0,3.0,55,A55-Sens Marseille vers,M,4329204.0,536569.0,130
201800038546,18,2,15,1940,5,2,1,2.0,6.0,50,"25, STALINGRAD RUE DE",M,4889318.0,219813.0,920
201800046415,18,2,15,350,3,1,1,2.0,6.0,363,RN 104,M,4865702.0,218157.0,910
201800041310,18,11,19,2145,5,2,2,2.0,3.0,78,GARE (AVENUE DE LA),M,4894530.0,256619.0,930
201800005115,18,3,20,435,5,2,1,1.0,3.0,123,"315, PAGNOL MARCEL BOULE",M,4366000.0,718100.0,60
201800004610,18,12,14,930,1,2,1,1.0,2.0,513,route de Galluis,M,4880247.0,177809.0,780
201800008644,18,3,8,30,5,2,1,1.0,1.0,55,"00, MENARD (PIERRE) (BOU",M,4328961.0,543801.0,130
201800033096,18,2,14,2056,5,2,2,2.0,3.0,181,DEGRE (RUE DE) Nø IMP DE,M,4801499.0,18290.0,720
201800032714,18,1,20,1615,1,2,3,2.0,5.0,294,avenue André Malraux,M,4501403.0,16095.0,240
201800025661,18,12,21,1915,5,2,2,1.0,6.0,261,LAMARTINE (RUE),M,4739153.0,66833.0,370
201800035912,18,7,19,1500,2,2,9,1.0,3.0,194,PARTHENAY (Rte de) (RD 3,M,4659959.0,32135.0,860
201800057248,18,5,4,1500,1,2,7,1.0,3.0,409,Chemin Maunier,R,2095603.0,5566075.0,974
201800032198,18,7,18,1615,1,2,2,7.0,3.0,166,DEBUSSY (RUE CLAUDE),M,4779374.0,731540.0,680
201800000274,18,7,4,1650,1,1,1,1.0,6.0,462,RD 1001,M,4933690.0,219672.0,600
201800036152,18,8,18,1533,1,1,1,1.0,6.0,85,COMPOSTELLE (PLACE JACQU,M,4582950.0,127231.0,870
201800056356,18,12,1,1810,1,1,1,1.0,6.0,413,RN 1 Route des Tamarins,R,2121742.0,5529727.0,974
201800003654,18,7,31,745,1,2,1,1.0,1.0,197,AV MARCEL PAUL,M,4378250.0,576805.0,40
201800006955,18,5,30,805,1,1,1,1.0,2.0,285,,M,4716874.0,565256.0,390
201800011257,18,9,15,2330,3,1,1,1.0,6.0,29,Départementale 15,M,4631307.0,183988.0,230
201800012001,18,8,31,1815,1,2,1,1.0,3.0,312,RD810,M,4353441.0,-146096.0,400
201800013820,18,8,14,1815,1,1,1,1.0,1.0,338,Les maisonnais,M,4811907.0,16109.0,720
201800036250,18,12,3,1919,2,1,1,3.0,2.0,75,RD79,M,4581910.0,118781.0,870
201800004574,18,4,14,15,3,1,1,1.0,6.0,30,route de st benoit,M,4869005.0,188631.0,780
201800031789,18,6,21,1305,1,1,1,1.0,2.0,447,BARRAGE (RUE DU),M,4860370.0,775172.0,670
201800049987,18,8,24,1250,1,1,1,1.0,2.0,56,A55-Sens Marseille vers,M,4339833.0,504596.0,130
201800011969,18,8,11,910,1,2,1,1.0,3.0,161,D933 PK 5300,M,4411573.0,-1663.0,400
201800052271,18,11,27,2335,5,2,1,3.0,6.0,112,RUE DE LYON,M,4884889.0,237077.0,750
201800021713,18,7,31,1830,1,1,1,1.0,1.0,61,D674 - la graverie,M,4888772.0,-88371.0,140
201800019486,18,8,7,745,1,1,9,1.0,6.0,217,CD.17,M,4371168.0,386695.0,340
201800044712,18,3,23,140,3,1,1,1.0,7.0,394,RN 184,M,4905310.0,216890.0,950
201800044206,18,9,6,915,1,1,1,1.0,2.0,46,A86 EXT,M,4880115.0,243255.0,940
201800014767,18,11,22,1725,3,1,1,1.0,7.0,128,CD90,M,4949964.0,366946.0,20
201800035828,18,3,31,1955,1,2,3,1.0,3.0,66,"---, CHATEAU (QUAI DU)",M,4681845.0,54149.0,860
201800015979,18,4,17,1850,1,2,1,1.0,6.0,448,,M,4698253.0,546687.0,390
201800004234,18,10,6,1730,1,1,1,1.0,2.0,59,RD 914,M,4262183.0,295124.0,660
201800045712,18,2,16,310,3,1,1,2.0,6.0,217,A13,M,4896318.0,183415.0,780
201800038858,18,10,20,1942,2,2,1,1.0,6.0,63,HUGO (AVENUE VICTOR),M,4888444.0,218190.0,920
201800041983,18,4,28,1900,1,2,2,1.0,3.0,28,SAVAR/CARDINAUD,M,4878192.0,246464.0,940
201800041546,18,2,11,2245,5,2,2,1.0,6.0,17,REPUBLIQUE/CASANOVA,M,4882528.0,250989.0,940
201800042310,18,6,23,1530,1,2,4,1.0,6.0,73,GUSTAVE LEVEILLE (R),M,4876310.0,238709.0,940
201800005523,18,7,2,1230,1,2,1,7.0,3.0,83,CASTAGNINS (ROUTE DES),M,4378020.0,748160.0,60
201800010908,18,4,23,1635,1,2,3,1.0,3.0,259,route d'Uzès,M,4410617.0,412335.0,300
201800051490,18,5,16,1345,1,2,3,1.0,6.0,110,"189, RUE SAINT MAUR",M,4887140.0,237229.0,750
201800005820,18,10,18,903,1,2,2,1.0,3.0,88,BARBUSSE (AV. HENRI),M,4371119.0,725637.0,60
201800041742,18,4,14,1755,1,2,3,1.0,6.0,19,CHATEAUBRIAN/CONDORCET,M,4879921.0,254216.0,940
201800002332,18,12,20,1440,1,2,1,2.0,3.0,87,Avenue Frédéric Mistral,M,4556678.0,481733.0,380
201800020565,18,2,19,1650,1,2,2,1.0,3.0,31,"172, RIBOT  (AVENUE)",M,4516494.0,150243.0,190
201800026595,18,10,20,1435,1,2,1,1.0,7.0,184,RD 213,M,4728367.0,-227707.0,440
201800050386,18,9,4,1445,1,2,3,8.0,3.0,102,AVENUE DE L OPERA,M,4886942.0,233303.0,750
201800025307,18,4,20,1400,1,2,1,7.0,6.0,261,ave André MAGINOT,M,4742996.0,70471.0,370
201800031908,18,9,6,835,1,2,3,1.0,3.0,482,ISAAC HAFFNER (RUE),M,4861097.0,778427.0,670
201800033429,18,2,14,1725,1,2,6,1.0,4.0,12,TANINGES (ROUTE DE),M,4619138.0,623131.0,740
201800042600,18,10,31,1435,1,2,2,2.0,3.0,76,KARL MARX (AV),M,4878459.0,235459.0,940
201800009805,18,9,10,1110,1,2,1,1.0,6.0,55,SAINT ANTOINE (AVENUE DE,M,4337451.0,535569.0,130
201800033879,18,11,9,1721,5,2,1,1.0,6.0,351,BIGNE A FOSSE,M,4952157.0,11452.0,760
201800002450,18,8,16,1520,1,1,1,1.0,6.0,6,"RD 88 PK 16, Longefoy",M,4554110.0,664049.0,730
201800039825,18,8,25,2350,5,2,1,1.0,6.0,13,LECLERC (AVENU DE LA DIV,M,4893581.0,243042.0,930
201800031232,18,4,28,30,5,2,1,1.0,3.0,136,GAULLE (AVENUE GENERAL D,M,4269722.0,288326.0,660
201800037223,18,3,13,935,1,2,1,1.0,7.0,4,"08, MARNE   ( AVENUE DE",M,4890707.0,228279.0,920
201800002009,18,9,19,1450,1,2,1,1.0,7.0,313,chemin de magny,M,4625527.0,609317.0,10
201800021729,18,9,4,1430,1,1,1,1.0,3.0,206,N 12 PR 75+600,M,4852949.0,-297449.0,220
201800026683,18,9,21,1120,1,2,1,2.0,6.0,338,6 AV DE LA LIBERATION,M,4799082.0,271040.0,450
201800041221,18,4,17,2030,2,2,2,1.0,3.0,73,SOMME (AVENUE DE LA),M,4894078.0,258908.0,930
201800049913,18,6,25,1740,1,1,1,1.0,5.0,106,A7-Sens Lyon vers Marsei,M,4340560.0,533769.0,130
201800048206,18,4,27,1945,1,2,2,1.0,3.0,386,HANOI (D'),M,4577150.0,486109.0,690
201800057004,18,7,30,2335,5,2,3,1.0,3.0,302,GALMOT (AVENUE),G,493217.0,5232746.0,973
201800055412,18,5,28,920,1,2,1,1.0,2.0,112,PORTE DE VINCENNES,M,4884160.0,241355.0,750
201800056767,18,12,14,1340,1,2,3,1.0,6.0,209,CAPITAINE MANUEL (RUE DU,A,1460759.0,6106713.0,972
201800037759,18,1,19,1840,1,2,1,2.0,2.0,25,PONT DE BEZONS,M,4892000.0,222000.0,920
201800010394,18,6,27,1830,1,2,9,1.0,3.0,117,ROUTE DEPARTEMENTAL 20,M,4345560.0,523233.0,130
201800041326,18,12,18,1600,2,2,2,1.0,3.0,78,FERRY (AVENUE JULES),M,4895250.0,253502.0,930
201800054629,18,12,11,900,1,2,3,1.0,6.0,119,QUAI DE LA SEINE,M,4888715.0,237556.0,750
201800034288,18,6,20,650,1,1,9,1.0,3.0,335,N3 X N330 X D603,M,4895620.0,285785.0,770
201800047187,18,3,31,1140,1,2,1,2.0,6.0,33,SEBASTIANI  - AVENUE,M,4270242.0,944955.0,202
201800011745,18,7,15,640,2,1,1,1.0,1.0,94,,M,4374390.0,584351.0,40
201800002631,18,2,28,1450,1,1,3,1.0,3.0,229,RD 226,M,4669253.0,339930.0,30
201800029037,18,12,27,1155,1,2,1,5.0,6.0,591,BIZET (RUE GEORGES),M,4924779.0,610430.0,570
201800047829,18,12,1,1140,1,2,1,1.0,2.0,382,DOCTEUR GAILLETON (DU),M,4575373.0,483433.0,690
201800048580,18,10,5,1840,1,2,3,1.0,5.0,388,BERTHELOT,M,4574695.0,485642.0,690
201800002778,18,5,5,1715,1,1,1,1.0,6.0,430,RD 657,M,4877074.0,610790.0,540
201800048037,18,1,5,1700,5,2,1,1.0,2.0,387,CHAMBAUD DE LA BRUYERE,M,4572195.0,484222.0,690
201800012308,18,2,18,1500,1,1,1,1.0,1.0,330,CD 4 - lieu-dit le Razal,M,4438696.0,443007.0,70
201800027024,18,12,17,1900,5,2,2,1.0,3.0,285,R C BEAUHAIRE-ABBEE DE L,M,4791286.0,187479.0,450
201800026943,18,10,4,1210,1,2,1,1.0,2.0,302,RUE NATIONALE 20,M,4795433.0,189113.0,450
201800047520,18,5,27,1400,1,2,1,1.0,1.0,202,VALIOUD,M,4574804.0,481236.0,690
201800049389,18,5,30,2100,2,1,1,2.0,3.0,266,BPNL,M,4579133.0,488303.0,690
201800043193,18,3,19,850,1,2,2,1.0,6.0,81,FRANCAIS / SAUSSAIE,M,4878522.0,238846.0,940
201800019354,18,7,15,30,3,1,1,1.0,6.0,678,D952- LUDELANGE,M,4940068.0,596882.0,570
201800026834,18,6,10,1410,1,2,1,1.0,3.0,234,AVENUE ROGER SECRETAIN,M,4787040.0,191210.0,450
201800017535,18,4,27,1000,1,2,1,1.0,7.0,158,RD 975,M,4656192.0,500342.0,710
201800011513,18,4,3,1315,1,1,2,2.0,3.0,214,INTERSECTION D1/D20,M,4930848.0,139607.0,270
201800014356,18,2,2,1615,1,2,1,1.0,1.0,254,chemin du gourd,M,4617321.0,527884.0,10
201800027155,18,2,7,1648,1,2,1,1.0,6.0,7,"7, VOLNEY",M,4746391.0,-54656.0,490
201800052078,18,6,23,440,5,2,2,1.0,3.0,112,AVENUE DAUMESNIL,M,4884870.0,237253.0,750
201800045750,18,3,8,900,1,1,1,1.0,4.0,48,N118,M,,,920
201800028443,18,6,3,1215,1,2,1,1.0,6.0,357,PINCHARD (RUE RAYMOND LI,M,4870617.0,614866.0,540
201800011460,18,11,20,710,5,2,3,1.0,6.0,214,rue de la gare,M,4847295.0,101215.0,280
201800027624,18,2,27,725,3,1,3,1.0,3.0,328,ANGERS (ROUTE D') D 952,M,4727478.0,-8160.0,490
201800037748,18,11,26,1930,5,2,1,1.0,6.0,24,JEAN JAURES (BD) DE (1 A,M,4889727.0,230840.0,920
201800011888,18,8,31,1600,1,1,1,1.0,1.0,311,D3,M,4555530.0,67162.0,240
201800004092,18,5,27,1530,1,1,1,1.0,1.0,110,RD1,M,4377233.0,402822.0,340
201800047986,18,11,16,35,3,1,1,1.0,6.0,475,AUTOROUTE A2,M,5032566.0,343298.0,590
201800008250,18,6,10,1550,1,2,2,1.0,3.0,47,GEORGES GUYNEMER Avenue,M,4351668.0,497972.0,130
201800004680,18,12,12,1540,1,2,1,1.0,6.0,332,1 RUE DE LA CROIX BOISÉE,M,4856811.0,232764.0,910
201800010539,18,6,25,1100,1,2,2,7.0,3.0,118,CARNOT (RUE SADI),M,4917929.0,36266.0,140
201800035244,18,2,16,1930,3,1,1,1.0,6.0,33,SAINT AIGNAN (ROUTE DE),M,4402615.0,108611.0,820
201800024141,18,12,6,1215,1,1,2,2.0,6.0,195,rd 200/rd20,M,4704178.0,-82115.0,490
201800009463,18,8,1,250,5,2,1,1.0,1.0,55,EMMANUEL CHABRIER),M,4323816.0,539567.0,130
201800046860,18,9,13,1035,1,1,1,2.0,3.0,37,AUTOROUTE A6B,M,4881380.0,235522.0,940
201800006770,18,2,7,1550,1,1,1,1.0,4.0,300,A64,M,4342510.0,-61657.0,640
201800013315,18,12,12,1800,2,1,3,1.0,3.0,274,"lieu-dit ""le Bois Moissy",M,4854657.0,-109216.0,500
201800013295,18,10,25,1500,1,2,1,1.0,6.0,487,18 rue d'antrain,M,4852170.0,-132888.0,500
201800028579,18,11,22,1655,2,2,1,1.0,6.0,395,SAINT DIZIER (RUE 82 ET,M,4868888.0,618384.0,540
201800027328,18,6,9,245,5,1,1,1.0,6.0,267,A87N,M,4746157.0,-51736.0,490
201800044151,18,7,31,940,1,1,1,1.0,2.0,122,N104 - LA FRANCILIENNE,M,4866259.0,261359.0,770
201800007278,18,8,16,1830,1,1,1,1.0,2.0,156,A63 PR 59+700,M,4431907.0,-88452.0,400
201800045856,18,5,7,1837,1,1,1,1.0,4.0,64,A13,M,4883759.0,218987.0,920
201800046193,18,10,31,2200,5,1,1,2.0,6.0,72,N118,M,4882760.0,222460.0,920
201800020572,18,3,16,1600,1,2,3,1.0,3.0,31,"0, ""MOULIN (BOULEVARD JE",M,4516131.0,150312.0,190
201800036509,18,11,13,1245,1,2,1,1.0,4.0,21,HOCHE (AVENUE),M,4859000.0,225600.0,910
201800044234,18,9,16,930,1,1,1,1.0,7.0,468,A4.W - PROVINCE PARIS,M,4883260.0,266197.0,770
201800041055,18,8,29,1650,1,2,1,8.0,3.0,70,DOCTEUR BAUER(RUE DU) :N,M,4890940.0,233860.0,930