Num_Acc,an,mois,jour,hrmn,lum,agg,int,atm,col,com,adr,gps,lat,long,dep
201800012901,18,9,26,1745,1,1,4,1.0,6.0,504,D4,M,4330970.0,-157225.0,640
201800035906,18,6,26,920,1,2,6,1.0,3.0,194,CHARLETTERIE (RUE DE LA),M,4659349.0,36708.0,860
201800001639,18,7,7,1230,1,2,1,7.0,7.0,131,route de las bordes,M,4390385.0,200790.0,810
201800015434,18,12,8,1115,1,1,1,2.0,6.0,199,lieu dit guerzavret,M,4855771.0,-369323.0,290
201800027635,18,5,17,1800,1,2,2,1.0,6.0,328,ROUEN (RUE DE),M,4726865.0,-6813.0,490
201800012410,18,4,24,1940,2,2,4,1.0,6.0,277,,M,4573195.0,-23641.0,160
201800029612,18,10,10,1200,1,2,3,1.0,2.0,410,DE GAULLE RUE DU GENERAL,M,5064256.0,309365.0,590
201800033374,18,5,14,1400,1,2,1,1.0,6.0,93,BERGES (Chemin des),M,4590635.0,610465.0,740
201800023557,18,6,11,1810,1,1,1,3.0,6.0,110,A11 PK 60+700 Sens Paris,M,4841315.0,150459.0,280
201800034775,18,11,17,1750,5,2,1,1.0,1.0,146,REPUBLIQUE (BOULEVARD DE,M,4889670.0,215296.0,780
201800002950,18,9,18,830,1,2,1,7.0,6.0,46,4 rue du général Rampont,M,4876824.0,785910.0,670
201800024992,18,10,31,1750,5,2,2,1.0,3.0,238,HORLOGE (DE L'),M,4811173.0,-168026.0,350
201800033489,18,6,11,1440,1,2,6,1.0,4.0,12,DE GAULLE (AVENUE CHARLE,M,4612610.0,624664.0,740
201800032715,18,4,23,915,1,1,1,1.0,1.0,449,FERRACHAT,M,4499629.0,22292.0,240
201800037057,18,12,10,1035,1,2,1,1.0,6.0,692,CENTRE COMMERCIAL ULIS I,M,4867551.0,217219.0,910
201800025691,18,2,1,1030,1,1,1,3.0,5.0,383,A 48,M,4523515.0,566291.0,380
201800056899,18,4,9,1550,1,1,1,1.0,7.0,302,COLLERY (ZONE INDUSTRIEL,G,490369.0,5231667.0,973
201800022200,18,6,25,1530,1,2,9,1.0,3.0,39,VIDIE ( RUE LUCIEN),M,4789166.0,-391653.0,290
201800033588,18,11,29,2200,5,2,1,1.0,6.0,12,VERDUN (AVENUE DE),M,4618300.0,624000.0,740
201800050286,18,7,2,1130,1,2,1,1.0,2.0,101,"234, RUE DE RIVOLI",M,4886540.0,232697.0,750
201800029746,18,5,22,1050,1,1,1,1.0,1.0,284,VICTOR RENARD,M,5041390.0,336358.0,590
201800002360,18,3,13,755,1,1,1,1.0,1.0,279,lieu dit les gouttes,M,4548065.0,429685.0,420
201800043018,18,6,26,1918,1,2,1,1.0,6.0,74,"20, JULIEN DURANTON (ave",M,4876705.0,244720.0,940
201800003790,18,10,5,1850,2,1,1,1.0,5.0,104,D3,M,4362370.0,576572.0,830
201800039271,18,6,27,1520,1,2,1,1.0,3.0,1,JEAN JAURES (AVE)  215 =,M,,,930
201800001006,18,9,19,1240,1,1,1,1.0,6.0,154,route d'angers - d323,M,4769793.0,-8114.0,720
201800023993,18,9,6,1700,1,1,1,1.0,1.0,281,A:STJ.ILLAC>ROC/B:DEROC,M,4481300.0,-72054.0,330
201800050732,18,9,27,1400,1,2,7,1.0,3.0,105,RUE MONGE,M,,,750
201800031348,18,11,8,1135,1,2,1,1.0,6.0,136,BATLLO QUAI FRANCOIS,M,4270189.0,289378.0,660
201800015392,18,12,23,1930,3,1,1,2.0,1.0,240,Térénez,M,4826716.0,-426931.0,290
201800042034,18,9,29,1145,1,2,9,1.0,3.0,28,FOCH(AVENUE DU MARECHAL),M,4878453.0,243657.0,940
201800017048,18,11,15,1600,1,1,1,1.0,6.0,218,le mesnil,M,4874814.0,-61209.0,610
201800032071,18,10,16,1600,1,1,6,1.0,3.0,323,Route des Chasses,M,4507303.0,511281.0,260
201800036667,18,7,4,955,1,2,1,1.0,5.0,657,TOURELLE (AVENUE DE LA ),M,4869257.0,244505.0,910
201800008471,18,2,7,750,2,2,1,1.0,3.0,75,"140, FREDERIC MISTRAL (A",M,4335182.0,547501.0,130
201800030731,18,1,21,1000,1,2,6,3.0,3.0,348,BOULEVARD DE L' EUROPE,M,4331720.0,-39483.0,640
201800001633,18,4,9,1700,1,1,2,1.0,1.0,117,RD 964,M,4379334.0,197931.0,810
201800028517,18,8,20,1140,1,2,2,1.0,3.0,395,CINQ PIQUETS (CHEMIN DES,M,4868272.0,618539.0,540
201800029595,18,9,8,1850,1,2,6,1.0,2.0,566,COMMERCE BOULEVARD DU,M,5063748.0,296729.0,590
201800007361,18,7,19,1726,1,2,1,1.0,3.0,387,QUATORZE JUILLET (RUE DU,M,4829436.0,407784.0,100
201800015696,18,9,12,715,2,1,1,1.0,6.0,57,le pont de trouhel,M,4757815.0,-207744.0,440
201800049865,18,5,31,1055,1,1,1,1.0,4.0,55,A55-Sens Marseille vers,M,4332392.0,536283.0,130
201800016435,18,9,14,1830,1,2,1,1.0,3.0,211,Rue Marcel Bisault,M,4732407.0,111402.0,410
201800023031,18,4,16,850,1,1,1,1.0,5.0,149,RN124,M,4360562.0,129821.0,310
201800047313,18,1,11,550,5,2,1,1.0,1.0,385,"1, BONDY (DE)",M,4576717.0,482726.0,690
201800037446,18,5,29,1930,1,2,1,1.0,3.0,12,"174, SILLY (RUE DE) 89/F",M,4883117.0,223445.0,920
201800056675,18,1,26,2310,5,1,1,1.0,1.0,209,REDOUTE ( ROUTE DE LA),A,1462148.0,6103857.0,972
201800034963,18,1,18,845,1,2,1,3.0,3.0,21,"11, BARABAN (BOULEVARD)",M,4989901.0,230506.0,800
201800043768,18,12,23,1430,1,1,1,1.0,6.0,4,ILES SANGUINAIRES ROUTE,M,4190930.0,869170.0,201
201800021739,18,6,27,850,1,1,1,1.0,2.0,389,RN 12 PR 048+900,M,4846265.0,-270632.0,220
201800056229,18,4,14,1700,1,2,1,7.0,2.0,603,RN3,Y,1290602.0,4519227.0,976
201800007319,18,5,5,2140,5,2,1,1.0,2.0,387,ANATOLE FRANCE (RUE),M,4828529.0,407399.0,100
201800021762,18,8,19,2305,3,1,1,5.0,6.0,179,route nationale 12,M,4852296.0,-431369.0,290
201800024220,18,10,26,1240,1,2,2,1.0,3.0,32,CORNEILHAN (ROUTE DE),M,4335269.0,321699.0,340
201800037577,18,2,8,1915,5,2,1,1.0,6.0,23,"0, COMMANDANT DUVAL (RUE",M,4878072.0,223295.0,920
201800013206,18,5,28,1730,1,1,1,2.0,6.0,12,D560,M,4354766.0,599595.0,830
201800047720,18,9,27,1547,1,2,2,1.0,6.0,149,GRANDE RUE,M,4572107.0,481118.0,690
201800046654,18,6,6,2018,1,1,1,2.0,4.0,377,RD 188,M,4872758.0,228918.0,910
201800006205,18,8,25,1720,1,1,1,1.0,7.0,377,"A43- PK 52,916",M,4556364.0,548693.0,380
201800010637,18,6,20,1930,1,2,1,1.0,7.0,158,6 le Taquemont - cité Va,M,4809178.0,660339.0,880
201800004054,18,4,6,1230,1,1,1,1.0,1.0,151,RD61 - Route de la Petit,M,4360594.0,410660.0,340
201800032160,18,5,29,1725,1,2,1,1.0,6.0,224,FOCH (AVENUE DU MARECHAL,M,4774509.0,734191.0,680
201800028924,18,5,25,1440,1,2,6,8.0,3.0,260,LANN VRAS (GIRATOIRE DE),M,4766052.0,-279234.0,560
201800022856,18,1,1,1855,3,2,1,6.0,6.0,555,"999, AV DE BIARRITZ",M,4360743.0,140965.0,310
201800005982,18,4,8,1545,1,1,1,1.0,7.0,119,rd625 - lieu dit la cave,M,4549399.0,466773.0,690
201800041416,18,4,11,1600,1,1,1,7.0,3.0,56,"8,RTE BRIE COMTE ROBERT",M,4869645.0,256030.0,940
201800004163,18,7,8,735,1,2,6,1.0,6.0,157,Avenue de pezenas,M,4342762.0,360485.0,340
201800000972,18,5,26,2130,5,2,1,1.0,6.0,14,GENERAL ANDREA (AVENUE),M,4628903.0,567809.0,10
201800051492,18,5,19,125,5,2,7,1.0,6.0,110,"2, PLACE JACQUES BONSERG",M,4887080.0,236140.0,750
201800017081,18,1,12,1250,1,1,1,8.0,6.0,47,RD 230,M,4881289.0,46258.0,610
201800048646,18,10,27,1850,5,2,2,2.0,3.0,386,CREQUI (DE),M,4576454.0,484688.0,690
201800014110,18,9,15,1130,1,2,1,1.0,6.0,151,36 rue jean jaures,M,4689347.0,346145.0,580
201800048798,18,1,16,910,1,1,1,2.0,5.0,80,AUTOROUTE A 62.,M,4474767.0,-53982.0,330
201800043588,18,9,24,1935,2,2,1,1.0,3.0,268,BD DE LA MUETTE,M,4897450.0,241640.0,950
201800006940,18,5,15,1821,1,1,1,1.0,6.0,115,A11 PK 320.000,M,4737049.0,-128584.0,440
201800005867,18,12,11,1335,1,2,1,1.0,7.0,88,ANGLAIS (DU Nø 45 AU Nø,M,4369380.0,725630.0,60
201800056988,18,6,30,1543,1,2,1,1.0,5.0,302,DIGUE RONJON,G,493392.0,5232940.0,973
201800013478,18,7,4,1930,1,1,1,1.0,5.0,40,RD3 PR 001+230,M,4453193.0,628525.0,50
201800034773,18,11,14,1335,1,2,3,1.0,3.0,650,LORRAINE (AVENUE DU),M,4888156.0,212386.0,780
201800042289,18,6,1,1840,1,2,3,8.0,3.0,38,"., BICETRE (R DE)",M,4877243.0,235065.0,940
201800036027,18,3,25,1207,1,2,1,1.0,6.0,85,"04, MAUVENDIERE (IMPASSE",M,4583340.0,124724.0,870
201800001228,18,9,11,1,3,1,1,1.0,1.0,104,D1215E1,M,4503691.0,-79798.0,330
201800005395,18,5,30,1430,1,2,1,1.0,3.0,69,MARIGARDE (ROUTE DE LA),M,4365430.0,694330.0,60
201800018591,18,9,26,1810,1,1,1,1.0,7.0,192,Rue du tertre,M,4892643.0,161072.0,780
201800039782,18,3,28,1600,1,2,1,2.0,2.0,27,"01, JAURES (AVENUE JEAN)",M,4892467.0,240056.0,930
201800016040,18,11,24,1100,1,1,1,1.0,6.0,251,le quartier,M,4855897.0,-283065.0,220
201800003038,18,4,25,910,1,2,6,1.0,3.0,352,Rte départementale 1.8,M,4801427.0,753794.0,680
201800054438,18,6,1,1930,1,2,1,8.0,6.0,119,"206, BOULEVARD MACDONALD",M,4889870.0,237292.0,750
201800008376,18,1,21,736,2,2,1,1.0,6.0,2,JEAN GIONO (AVENUE),M,4333726.0,547840.0,130
201800023286,18,10,9,1755,1,2,1,1.0,1.0,555,AV DES ETATS UNIS,M,4366405.0,141420.0,310
201800051752,18,6,12,1950,1,2,1,1.0,6.0,111,"59, RUE DE LA ROQUETTE",M,4885600.0,237579.0,750
201800017005,18,7,13,2200,2,1,1,1.0,7.0,273,Lieu dit canteloup,M,4854997.0,-32137.0,610
201800006918,18,7,16,1600,1,1,2,1.0,6.0,135,Autoroute 35,M,4757295.0,750062.0,680
201800006651,18,4,20,1740,1,1,1,1.0,7.0,301,"Autoroute A4, PK 458.150",M,4876454.0,765504.0,670
201800017980,18,9,11,820,1,1,1,1.0,6.0,155,RD19,M,4416513.0,174901.0,820
201800010850,18,8,11,1150,1,1,3,1.0,1.0,18,RN 88 / RD 808,M,4450040.0,339880.0,480
201800002609,18,8,26,750,1,1,1,1.0,7.0,263,D941,M,4578434.0,304427.0,630
201800028560,18,10,5,1600,1,2,1,1.0,6.0,395,ARC ( RUE JEANNE D'N,M,4868909.0,616981.0,540
201800029086,18,11,3,1345,1,2,1,1.0,6.0,631,BARBE (RUE SAINTE),M,4911708.0,711930.0,570
201800008789,18,4,4,730,1,2,1,1.0,2.0,55,Rue de la République,M,4330233.0,536908.0,130
201800033128,18,6,5,1350,1,2,1,3.0,2.0,181,LEFAUCHEUX PIERRE (BD),M,4796286.0,17696.0,720
201800012137,18,11,2,1855,5,1,6,1.0,3.0,141,Route départementale 57,M,4806543.0,-62470.0,530
201800045290,18,10,7,1050,1,1,1,2.0,6.0,36,AUTOROUTE A86,M,4893837.0,230013.0,920
201800040710,18,9,21,922,1,2,1,8.0,6.0,62,BALZAC (ALLEE),M,4889659.0,252812.0,930
201800005170,18,10,9,1810,1,2,9,1.0,2.0,123,PONANT AVENUE DU,M,4365800.0,718900.0,60
201800008371,18,1,19,1850,5,2,2,1.0,3.0,55,"55, COMTESSE (BOULEVARD",M,4331505.0,544735.0,130
201800022590,18,7,20,1505,1,2,6,1.0,3.0,189,ALLENDE SALVADOR (RUE),M,4381785.0,434789.0,300
201800027167,18,2,23,2230,5,2,1,1.0,5.0,7,"00, VOIE DES BERGES",M,4748619.0,-54735.0,490
201800021440,18,10,3,825,1,2,1,8.0,3.0,229,SEMARD (RUE PIERRE),M,4901602.0,116568.0,270
201800040428,18,7,12,1115,1,2,3,1.0,6.0,49,"3, GALLIENI (BOULEVARD)",M,4885352.0,251665.0,930
201800003496,18,3,17,1030,1,1,3,1.0,3.0,97,RD 24,M,4361340.0,479025.0,130
201800045002,18,6,21,1730,1,1,1,1.0,5.0,6,AUTOROUTE A3,M,4886624.0,242336.0,930
201800003956,18,4,30,2200,5,2,1,1.0,3.0,92,avenue louis braille,M,4398008.0,488009.0,840
201800018842,18,6,26,1720,1,1,1,1.0,1.0,251,D.104 CORN ER HOUET,M,4765690.0,-266021.0,560
201800045075,18,7,14,1410,1,1,1,1.0,7.0,36,AUTOROUTE A15,M,4893722.0,229424.0,920
201800025478,18,9,5,1804,1,2,3,1.0,3.0,261,EINSTEIN (RUE ALBERT),M,4742500.0,70200.0,370
201800053788,18,5,26,512,2,2,2,1.0,3.0,117,RUE JOUFFROY D ABBANS,M,4888730.0,231404.0,750
201800050382,18,8,21,1450,1,2,3,1.0,7.0,103,BOULEVARD BEAUMARCHAIS,M,4886082.0,236699.0,750
201800003155,18,1,30,1423,1,1,1,1.0,1.0,457,RD 17,M,4783565.0,537534.0,520
201800004158,18,3,19,330,3,1,1,1.0,7.0,213,D119E2,M,4350469.0,368060.0,340
201800022803,18,8,15,715,1,2,1,1.0,6.0,116,3 rue du fossé,M,4831010.0,752488.0,670
201800007279,18,10,13,1515,1,1,1,1.0,2.0,227,Autoroute A63,M,4428354.0,-89161.0,400
201800021299,18,8,11,2015,1,2,1,1.0,1.0,362,RUE DU PONT DES ANGLAIS,M,4490564.0,487630.0,260
201800042526,18,12,6,2153,5,2,3,1.0,3.0,41,JEAN LE GALLEU (R),M,4881434.0,237637.0,940
201800000645,18,3,3,1130,1,2,1,1.0,6.0,46,10 avenue de la gare,M,4809563.0,-434364.0,290
201800027706,18,3,26,1810,1,2,3,1.0,2.0,129,"0, HUGO (RUE VICTOR)",M,4962122.0,-165524.0,500
201800054515,18,8,28,2250,5,2,1,1.0,3.0,119,RUE DE CRIMEE,M,,,750
201800014403,18,3,13,1455,1,1,2,1.0,3.0,130,D975,M,4630274.0,514976.0,10
201800032983,18,5,8,1510,1,2,1,1.0,3.0,486,LIBERTE (PLACE DE LA),M,4664000.0,437041.0,710
201800047007,18,10,31,2104,5,1,1,1.0,7.0,37,AUTOROUTE A6A,M,4882606.0,235653.0,940
201800013271,18,5,27,2050,1,2,1,1.0,1.0,639,rue du Chemin Vert,M,4883979.0,-121897.0,500
201800014218,18,11,16,1745,3,1,9,1.0,1.0,144,intersection D104 - D437,M,4473009.0,493481.0,260
201800013540,18,11,6,915,1,1,1,1.0,7.0,377,route des monts,M,4933142.0,-71056.0,140
201800002096,18,4,17,1500,1,2,7,1.0,6.0,220,Place de la République,M,4436121.0,513633.0,260
201800016380,18,1,2,1745,3,1,1,2.0,1.0,213,RD  150     PR 08+600,M,4639724.0,6651.0,860
201800015046,18,4,25,1400,1,1,1,1.0,6.0,117,D1532,M,4519569.0,542892.0,380
201800055810,18,6,11,810,1,2,4,1.0,7.0,111,"Lotissement Maya, Caféiè",A,1631926.0,6177789.0,971
201800012441,18,5,31,845,1,2,1,1.0,4.0,375,,M,4585014.0,50259.0,160
201800003929,18,9,9,540,3,1,1,1.0,1.0,36,Route d'Avignon,M,4392651.0,494137.0,840
201800013658,18,11,6,1715,2,1,1,3.0,7.0,431,D101,M,4911149.0,587.0,140
201800016468,18,9,2,1850,1,1,1,1.0,6.0,28,12 lieu-dit pont l'ane,M,4788609.0,113546.0,410
201800009731,18,9,18,1430,1,2,1,1.0,2.0,55,SAKAKINI (BOULEVARD),M,4329313.0,540156.0,130
201800026930,18,9,24,650,5,2,9,1.0,3.0,147,RUE MARC SANGNIER,M,4792100.0,191200.0,450
201800005035,18,5,5,1430,1,1,1,1.0,3.0,88,CD568,M,4337773.0,522562.0,130
201800047156,18,12,29,320,3,1,1,1.0,2.0,689,AUTOROUTE A6,M,4872973.0,231473.0,910
201800019218,18,10,13,2200,3,1,1,1.0,7.0,617,RN 6,M,4863889.0,253532.0,910
201800017613,18,7,7,1815,1,2,1,1.0,6.0,170,boulevard Pech Maynaud,M,4311077.0,310018.0,110
201800043292,18,11,23,1050,1,2,1,5.0,7.0,81,COLONEL FABIEN (AV DU),M,4878259.0,238084.0,940
201800050504,18,12,3,730,2,2,3,1.0,6.0,103,RUE VIEILLE DU TEMPLE,M,4880000.0,236000.0,750
201800046843,18,9,6,830,1,1,1,8.0,3.0,37,AUTOROUTE A6A,M,4881665.0,233643.0,940
201800009646,18,9,4,1040,1,1,1,1.0,3.0,55,POILUS (AVENUE DES),M,4331880.0,545944.0,130
201800050954,18,12,5,1440,1,2,1,1.0,6.0,107,AVENUE DUQUESNE,M,4885314.0,230783.0,750
201800055211,18,12,20,1200,1,2,1,1.0,4.0,113,BD PERIPHERIQUE EXTERIEU,M,4881707.0,236007.0,750
201800035813,18,11,6,1520,1,2,1,1.0,6.0,166,10 RUE JEAN BERNARD,M,4651336.0,-175512.0,850
201800019367,18,9,21,1650,1,1,2,1.0,3.0,193,RD82,M,4824951.0,-171995.0,350
201800055435,18,6,14,1100,1,2,1,1.0,4.0,120,PORTE DE VINCENNES,M,4884970.0,241500.0,750
201800054198,18,9,5,3,5,2,4,1.0,6.0,118,ECHANGEUR CHAPELLE,M,,,750
201800032415,18,3,26,1925,2,2,2,2.0,3.0,290,"211, GRENOBLE (DE)  -  R",M,4571574.0,496173.0,690
201800014493,18,8,3,1515,1,1,1,1.0,7.0,303,D81,M,4609042.0,540239.0,10
201800034436,18,4,12,1805,1,2,1,1.0,6.0,468,PIERRE MENDES FRANCE (RU,M,4884116.0,265267.0,770
201800042327,18,7,14,1550,1,2,1,1.0,3.0,21,"344, STALINGRAD (AV DE)",M,4876265.0,236810.0,940
201800008195,18,10,24,1145,1,2,1,1.0,6.0,5,VERDUN (AVENUE DE),M,4328885.0,557300.0,130
201800047401,18,3,5,640,5,2,2,1.0,3.0,34,"157 b, ST CLAIR (DE)",M,4579000.0,486000.0,690
201800006248,18,5,18,600,2,1,1,1.0,6.0,139,A10 PK 394+700,M,4611873.0,-53283.0,170
201800018092,18,6,17,1740,1,1,1,1.0,7.0,167,D928,M,5019561.0,188016.0,800
201800040287,18,3,30,940,1,2,3,8.0,3.0,48,"151, BOISSIERE (BOULEVAR",M,4887763.0,246025.0,930
201800041264,18,7,30,1745,1,1,1,1.0,5.0,73,CROIX (CHEMIN DE LA),M,4902780.0,253430.0,930
201800048300,18,6,5,38,5,2,2,1.0,1.0,387,UNIVERSITE (DE L'),M,4575190.0,483695.0,690
201800040964,18,10,18,1355,1,2,9,1.0,2.0,66,"""SEMBAT MARCEL (BD), NR",M,4893358.0,235060.0,930
201800024590,18,1,3,718,5,2,6,6.0,7.0,51,"00, ALLIES (BOULEVARD DE",M,4812290.0,-162082.0,350
201800023593,18,9,15,1805,1,1,1,1.0,7.0,88,D13 PK croissant 60.600,M,4382249.0,226125.0,810
201800034698,18,10,14,1425,1,2,1,1.0,6.0,440,MARECHAL FOCH (AVENUE DU,M,4899242.0,190299.0,780
201800017776,18,2,2,1335,1,2,3,1.0,3.0,162,Rue du bourg,M,4611177.0,461468.0,690
201800057379,18,11,3,150,5,2,1,1.0,5.0,411,Rue Léopold Rambaud,R,2088591.0,5547616.0,974
201800007933,18,6,18,1700,1,1,1,1.0,2.0,176,JOEL PILON (RUE),M,4439603.0,260461.0,120
201800057491,18,7,15,1540,1,2,1,1.0,7.0,416,Chemin Dumesgnil,R,2127984.0,5546890.0,974
201800007921,18,9,29,1620,1,2,4,7.0,3.0,145,BAD SALZUFLEN (BOULEVARD,M,4409230.0,306032.0,120
201800051112,18,6,20,900,1,2,1,1.0,6.0,116,"115, RUE DE LA POMPE",M,4886550.0,227917.0,750
201800052877,18,11,20,1650,2,2,2,1.0,6.0,114,BOULEVARD ROMAIN ROLLAND,M,4882011.0,232441.0,750
201800051175,18,8,30,1120,1,2,7,8.0,3.0,108,PLACE CHARLES DE GAULLE,M,4870000.0,229000.0,750
201800043744,18,11,9,2030,5,2,1,1.0,1.0,4,ALATA ROUTE,M,4193606.0,873593.0,201
201800044059,18,6,14,945,1,1,1,1.0,4.0,122,RN104,M,4864620.0,255684.0,770
201800047642,18,8,12,1730,1,2,1,1.0,6.0,34,ARISTIDE BRIAND,M,4578491.0,484663.0,690
201800032651,18,11,27,739,5,2,1,2.0,3.0,290,LYON (DE) (D 518),M,4570765.0,490774.0,690
201800006430,18,9,5,1857,1,1,6,1.0,6.0,87,D1/D357,M,4795624.0,75501.0,720
201800050275,18,6,13,1830,1,2,2,1.0,6.0,103,"59, RUE DE TURBIGO",M,4886570.0,235688.0,750
201800010884,18,1,18,1630,1,2,1,1.0,6.0,223,"CD 16, Saut du loup",M,4419687.0,415231.0,300
201800023306,18,10,22,2118,5,2,1,1.0,3.0,555,ETATS UNIS (AV DES) DU 1,M,4365681.0,142078.0,310
201800041209,18,3,23,800,1,2,1,1.0,6.0,78,DE GAULLE (AVENUE CHARLE,M,4895674.0,255426.0,930
201800000213,18,6,14,815,1,2,3,1.0,5.0,811,Grande rue,M,5063797.0,225655.0,620
201800018594,18,3,12,1030,1,1,2,1.0,3.0,66,N4 X D71,M,4869106.0,334492.0,770
201800034345,18,1,2,1844,5,2,1,2.0,3.0,122,JEAN-FRANCOIS MILLET(RUE,M,4866003.0,256455.0,770
201800041806,18,10,30,1950,3,2,1,1.0,4.0,53,QUEUE-EN-BRIE (RTE DE LA,M,4877758.0,255281.0,940
201800054556,18,10,3,2330,5,2,2,1.0,7.0,119,RUE DE KABYLIE,M,,,750
201800019081,18,1,18,1859,3,1,1,3.0,1.0,149,ferme des iris,M,5005865.0,338520.0,590
201800003525,18,3,3,1505,1,1,2,1.0,3.0,30,D8N,M,4326783.0,572684.0,130
201800012416,18,11,10,1800,5,2,1,3.0,6.0,88,,M,4570643.0,-20089.0,160
201800017705,18,6,18,1435,1,1,1,1.0,5.0,254,RN 21,M,4354500.0,46928.0,320
201800034639,18,6,19,2115,1,2,1,1.0,2.0,208,HUIT MAI 1945 (AVENUE DU,M,4877858.0,197011.0,780