Num_Acc,an,mois,jour,hrmn,lum,agg,int,atm,col,com,adr,gps,lat,long,dep
201800016350,18,5,1,1635,1,2,3,1.0,3.0,12,FANGA (LOTISSEMENT LE),M,4488625.0,241430.0,150
201800007786,18,9,11,940,1,2,1,1.0,6.0,262,JACINTHES (RUE DES),M,4318527.0,302324.0,110
201800021483,18,2,20,2135,5,2,1,2.0,6.0,375,SAINT JEAN (RUE),M,4920959.0,117869.0,270
201800042015,18,6,30,1215,1,2,1,1.0,2.0,28,ECHAT(RUE DE L'),M,4879950.0,244890.0,940
201800020253,18,8,19,2357,3,1,1,1.0,2.0,33,RN 151,M,4705204.0,234825.0,180
201800025017,18,11,17,1310,1,2,9,1.0,2.0,238,CHATEAUGIRON (DE),M,4809925.0,-164597.0,350
201800005611,18,3,12,710,1,2,1,1.0,2.0,88,"0, PENETRANTE DU PAILLON",M,4373204.0,728809.0,60
201800040797,18,1,1,1820,5,2,7,2.0,6.0,66,HUGO VICTOR (Place),M,4893595.0,235778.0,930
201800036629,18,6,9,2200,5,2,1,3.0,3.0,174,PAPETERIE(RUE),M,4859692.0,246624.0,910
201800052598,18,11,16,715,5,2,2,8.0,3.0,113,AVENUE D IVRY,M,4882504.0,236223.0,750
201800046621,18,5,26,710,1,1,1,1.0,6.0,182,AUTOROUTE A6,M,4862580.0,241720.0,910
201800024315,18,5,4,1240,1,2,1,1.0,3.0,172,JACQUARD (RUE),M,4361766.0,391220.0,340
201800046311,18,12,23,1850,3,1,1,2.0,6.0,90,A13,M,4897052.0,188941.0,780
201800005014,18,5,6,225,3,1,1,1.0,6.0,214,RD6 PR46+600.,M,4500540.0,-109885.0,330
201800045702,18,2,9,545,5,1,1,1.0,6.0,63,A86,M,,,920
201800053108,18,9,8,1610,1,2,2,1.0,3.0,115,RUE DE LA CONVENTION,M,4883922.0,229199.0,750
201800044114,18,7,10,1250,1,1,1,1.0,4.0,2,A86 INT,M,4875409.0,237207.0,940
201800046140,18,10,8,755,1,1,1,1.0,5.0,431,A13,M,4893606.0,196186.0,780
201800018832,18,1,15,1740,2,2,6,2.0,3.0,243,rue de limur,M,4764877.0,-273020.0,560
201800009537,18,8,6,1100,1,2,1,1.0,2.0,55,BASSINS DE RADOUB (Bd),M,4332688.0,535828.0,130
201800026932,18,9,25,1350,1,2,1,1.0,3.0,232,421 AVENUE DULOIRET,M,4787451.0,190452.0,450
201800049917,18,6,27,600,1,1,1,1.0,7.0,55,A50-Sens Aubagne vers Ma,M,4328955.0,544420.0,130
201800019604,18,2,14,50,5,2,1,8.0,6.0,300,08 PK RN237 RE MOULIN JU,M,4617902.0,-115340.0,170
201800057314,18,4,26,1608,1,2,1,1.0,3.0,411,Rue de Paris,R,2088510.0,5545088.0,974
201800054580,18,10,30,1035,1,2,1,3.0,3.0,119,BOULEVARD SERURIER,M,4889000.0,239000.0,750
201800025024,18,11,21,1328,1,2,3,7.0,6.0,51,LAMBERT (RUE DE LA TOUCH,M,4813207.0,-162431.0,350
201800019747,18,10,1,1540,1,2,2,1.0,3.0,300,JOURDAN   RUE,M,4616424.0,-116046.0,170
201800032143,18,12,14,1802,5,2,1,8.0,4.0,66,ROUFFACH (ROUTE DE),M,4806370.0,734001.0,680
201800014852,18,4,1,1926,1,2,1,1.0,6.0,717,22 rue de la gare,M,4977659.0,341337.0,20
201800026828,18,6,7,1800,1,2,1,1.0,4.0,234,AVENUE ROGER SECRETAIN,M,4789156.0,189551.0,450
201800045214,18,9,19,2355,3,1,1,1.0,2.0,27,AUTOROUTE A86,M,4892452.0,238999.0,930
201800002248,18,5,18,1730,1,2,1,1.0,3.0,565,D1075 - AV. DE JUIN 1940,M,4530209.0,562679.0,380
201800026434,18,10,7,500,5,2,1,2.0,6.0,109,BOULEVARD DE SARREBRUCK,M,4721520.0,-152290.0,440
201800017650,18,10,6,1100,1,1,1,1.0,7.0,268,N124 PK 20 + 550,M,4360630.0,99135.0,320
201800033963,18,4,8,1925,1,1,2,1.0,2.0,681,INDUSTRIEL. BOULEVARD (C,M,4942122.0,110676.0,760
201800031745,18,5,17,1815,1,2,1,1.0,3.0,482,THUMENAU (RUE DE LA),M,4857178.0,775591.0,670
201800018938,18,9,16,1155,1,1,2,1.0,3.0,35,Lieu dit grand village,M,4785439.0,-233660.0,560
201800021999,18,1,27,1920,5,2,2,1.0,3.0,19,"175, GOUESNOU (DE 43 A 2",M,4841623.0,-446803.0,290
201800009007,18,5,16,1205,1,2,1,1.0,2.0,55,TIMONE (AVENUE DE LA),M,4328566.0,540203.0,130
201800044582,18,1,30,1635,1,1,1,2.0,6.0,277,AUTOROUTE A104,M,4897270.0,248490.0,950
201800003376,18,8,12,110,3,1,1,1.0,3.0,310,RN 19 PK 68+926,M,4769605.0,646780.0,700
201800006101,18,10,26,1730,1,1,1,1.0,4.0,51,A7 - PK 244+880 - SENS N,M,4359288.0,517807.0,130
201800000897,18,1,8,1520,1,1,8,1.0,3.0,52,CD90,M,4732713.0,-202391.0,440
201800042788,18,9,26,1715,1,2,2,1.0,3.0,58,PIERRE BROSSOLETTE (AV),M,4883449.0,251056.0,940
201800047661,18,9,4,815,1,2,1,7.0,6.0,286,EUROPE (DE L'),M,4581935.0,490821.0,690
201800040679,18,6,8,730,2,2,3,1.0,3.0,77,GALLIENI (AVENUE DU GENE,M,4889208.0,250556.0,930
201800009807,18,9,27,1555,1,2,1,1.0,2.0,2,VALLON VERT (AVENUE DU ),M,4333717.0,545999.0,130
201800031727,18,4,24,1640,1,2,1,1.0,6.0,482,GARE (PLACE DE LA),M,4858402.0,773545.0,670
201800015295,18,11,2,1245,1,1,2,1.0,3.0,143,lieu dit Ty Moguell,M,4800731.0,-440043.0,290
201800021223,18,10,5,1215,1,2,1,1.0,6.0,198,CHATEAUNEUF ROUTE DE,M,4454243.0,474459.0,260
201800056485,18,9,4,945,1,2,1,1.0,6.0,222,Rond point fuity boule -,A,1467377.0,6000000.0,972
201800013981,18,3,9,1850,3,1,2,1.0,6.0,88,RD904,M,4874364.0,586467.0,540
201800046888,18,9,21,822,1,1,1,2.0,5.0,570,RN 104,M,4862501.0,232348.0,910
201800050248,18,4,19,1740,1,2,3,1.0,6.0,101,"2, RUE CROIX DES PETITS",M,4886220.0,233916.0,750
201800035227,18,4,5,1725,1,2,1,1.0,4.0,65,SIDOBRE RD 622 (AV. DU),M,4360951.0,226018.0,810
201800013580,18,4,12,740,1,1,2,1.0,3.0,494,Intersection D 400-Che,M,4926678.0,-10428.0,140
201800042248,18,3,10,2315,5,2,3,2.0,3.0,73,RENE PANHARD / COUTURIER,M,4876390.0,239362.0,940
201800032649,18,11,22,745,2,2,1,5.0,6.0,282,JEAN LOUIS BARRAULT,M,4576571.0,500920.0,690
201800013155,18,10,11,1330,1,1,1,1.0,1.0,389,d130,M,4962836.0,307165.0,600
201800050840,18,3,10,150,5,2,3,1.0,7.0,106,"22, RUE DE VAUGIRARD",M,4884930.0,233781.0,750
201800004580,18,4,27,1800,1,1,1,1.0,4.0,506,Départementale 910,M,4850970.0,178361.0,780
201800052126,18,8,12,2030,1,2,5,1.0,7.0,112,AVENUE DU GENERAL MICHEL,M,4883483.0,240090.0,750
201800028234,18,5,14,1615,1,2,3,1.0,6.0,130,GRAT ( BOULEVARD FELIX ),M,4806872.0,-76208.0,530
201800052524,18,9,14,2030,5,2,2,1.0,3.0,113,RUE DE TOLBIAC,M,,,750
201800006323,18,3,4,2230,3,1,1,2.0,1.0,32,D18 PK 10+900,M,,,130
201800046568,18,5,4,1745,1,1,1,1.0,5.0,2,AUTOROUTE A86,M,,,920
201800006822,18,7,28,120,3,1,1,1.0,6.0,208,Autoroute A6 - PK 194+50,M,4762847.0,390697.0,890
201800051120,18,6,24,130,5,2,2,1.0,2.0,117,AVENUE DE WAGRAM,M,4887510.0,229601.0,750
201800022727,18,10,6,340,3,2,3,1.0,6.0,203,rue flora Tristan,M,4319090.0,274460.0,110
201800032662,18,12,10,1640,1,2,2,1.0,1.0,282,DAUPHINE (DU),M,4576397.0,500520.0,690
201800053903,18,10,9,1645,1,2,1,1.0,6.0,117,RUE RAYMOND PITET,M,4889002.0,229650.0,750
201800036615,18,11,20,720,3,2,1,2.0,6.0,114,PIERRE PROST (AVENUE),M,4869943.0,249389.0,910
201800051790,18,8,3,38,5,2,6,1.0,3.0,111,PLACE LEON BLUM,M,4885700.0,238000.0,750
201800025873,18,1,18,1930,5,2,1,2.0,7.0,18,MAUNOURY (AVENUE DE MARE,M,4759746.0,134301.0,410
201800053940,18,11,13,2020,3,2,3,1.0,3.0,117,RUE CARDINET,M,4888178.0,230297.0,750
201800053907,18,10,12,900,1,2,3,1.0,3.0,117,BOULEVARD BERTHIER,M,4889020.0,230463.0,750
201800051449,18,2,20,1955,5,2,1,2.0,6.0,110,"10, BOULEVARD DE BONNE N",M,4886990.0,235180.0,750
201800038124,18,7,20,930,1,2,1,1.0,7.0,36,"0, MOULIN DE CAGE (QUAI",M,4892313.0,232781.0,920
201800057708,18,8,10,1245,1,2,1,1.0,2.0,611,kaweni-Kaweni sud  (Z I),Y,1276924.0,4522407.0,976
201800038734,18,12,11,2230,5,2,1,1.0,6.0,51,DAMES AUGUSTINES (RUE DE,M,4888570.0,228069.0,920
201800007041,18,11,30,2130,3,1,1,5.0,5.0,299,A 432,M,4572241.0,509649.0,690
201800014917,18,1,22,815,1,2,1,1.0,6.0,269,Rue du jeu de quilles,M,4490669.0,578439.0,380
201800041944,18,1,27,1025,1,2,1,2.0,3.0,11,PARKING CC LECLERC,M,4876528.0,248949.0,940
201800051726,18,5,18,2250,5,2,5,1.0,6.0,111,"196, RUE DU FAUBOURG SAI",M,4885010.0,238430.0,750
201800035747,18,7,17,1705,1,2,2,7.0,3.0,191,RUE JEAN-JACQUE ROUSSEAU,M,4666536.0,-142533.0,850
201800015498,18,9,2,1720,1,1,2,1.0,3.0,153,Célan,M,4780899.0,-379501.0,290
201800001642,18,8,2,1115,1,2,3,7.0,6.0,99,rue gaubil,M,4390198.0,189684.0,810
201800030034,18,7,6,1420,1,2,1,1.0,6.0,159,KOENIG(DU MARECHAL),M,4940692.0,281005.0,600
201800024415,18,9,18,1305,1,2,1,1.0,6.0,172,JUSTICE DE CASTELNAU (AV,M,4362703.0,387199.0,340
201800041138,18,4,20,1830,1,2,2,1.0,3.0,72,"0, MOUTIER (RUE DU) COTE",M,4896068.0,239388.0,930
201800052668,18,2,15,820,1,2,2,2.0,2.0,114,AVENUE DU GENERAL LECLER,M,4882320.0,232552.0,750
201800009101,18,6,2,1,5,2,2,1.0,6.0,55,VINCENT LEBLANC (RUE),M,4330499.0,536820.0,130
201800006109,18,12,14,1840,2,1,1,1.0,4.0,51,A7 PK 245+500 sud nord,M,4359288.0,517807.0,130
201800001464,18,12,1,130,5,2,6,1.0,6.0,48,,M,4636947.0,-28987.0,790
201800000829,18,6,7,1920,1,2,2,1.0,3.0,53,HUCHET ( BOULEVARD EMILE,M,4619558.0,522294.0,10
201800014521,18,12,27,1710,2,1,1,1.0,3.0,258,D17,M,4609618.0,481092.0,10
201800029902,18,10,16,1205,1,1,1,1.0,1.0,315,RD 430,M,4788793.0,725567.0,680
201800053673,18,1,19,1520,1,2,4,7.0,6.0,117,"2, BOULEVARD DU FORT DE",M,4889180.0,230158.0,750
201800001004,18,8,30,1730,1,1,1,1.0,7.0,61,les daguenettières,M,4773756.0,-26234.0,720
201800041492,18,10,4,1040,1,2,1,1.0,6.0,47,GENERAL LECLERC (R),M,4870160.0,254289.0,940
201800051680,18,3,21,1200,1,2,1,1.0,3.0,111,"95, AVENUE PARMENTIER",M,4886630.0,237374.0,750
201800046711,18,6,29,1645,1,1,1,1.0,2.0,86,RN 104,M,4862402.0,237475.0,910
201800024274,18,3,13,1730,1,2,1,1.0,2.0,129,"26, MONTPELLIER (AVENUE",M,4356994.0,389880.0,340
201800044135,18,7,17,1850,1,1,9,1.0,3.0,18,A4 - PROVINCE PARIS,M,4884391.0,282696.0,770
201800037428,18,4,16,1255,1,2,1,8.0,2.0,12,"110, REINE (ROUTE DE LA)",M,4884014.0,223627.0,920
201800055287,18,3,12,2238,5,2,4,1.0,1.0,114,BOULEVARD PERIPHERIQUE I,M,4881960.0,232808.0,750
201800002707,18,12,3,1803,5,2,1,2.0,6.0,185,GUESDE ( AVENUE JULES ),M,4633911.0,258002.0,30
201800043276,18,10,17,2225,5,2,3,1.0,3.0,81,CAMILLE GROULT (R),M,4878929.0,240110.0,940
201800002886,18,1,27,115,3,1,1,1.0,6.0,44,D74 PK 005+000,M,4831516.0,566793.0,880
201800050558,18,6,1,1750,1,2,1,1.0,2.0,102,"87, RUE REAUMUR",M,4886730.0,234774.0,750
201800018501,18,12,31,1945,3,1,2,1.0,3.0,219,D20,M,4971003.0,79970.0,760
201800017180,18,9,28,1835,1,1,3,1.0,6.0,211,lieu-dit Riols,M,4547463.0,371971.0,630
201800006374,18,2,22,1210,1,2,6,1.0,6.0,105,"SANS, CROISON L.G. (RUE)",M,4977012.0,470698.0,80
201800052713,18,4,26,1540,1,2,1,1.0,6.0,114,RUE DU COMMANDANT RENE M,M,4883940.0,232096.0,750
201800002727,18,4,18,1330,1,2,1,1.0,6.0,39,rue des gravières,M,4907468.0,610685.0,570
201800030646,18,12,15,1845,5,2,1,1.0,6.0,24,RUE DE NUMA,M,4348720.0,-150339.0,640
201800054392,18,4,24,1214,1,2,1,1.0,6.0,119,"30, AVENUE SIMON BOLIVAR",M,4887480.0,238286.0,750
201800013650,18,8,29,1100,1,1,1,2.0,6.0,654,D511 - Vieux pont en aug,M,4905038.0,3139.0,140
201800010269,18,1,11,1830,2,2,1,1.0,3.0,39,ROUTE NATIONALE 569,M,4345905.0,494179.0,130
201800049056,18,11,13,1845,3,1,1,1.0,4.0,122,AUTOROUTE A 63,M,4475345.0,-69008.0,330
201800011397,18,11,6,1730,5,2,1,1.0,1.0,140,ruelle des fontaines,M,4860930.0,167494.0,280
201800017699,18,2,22,1254,1,2,1,1.0,6.0,256,15 AVENUE DES ANCIENS CO,M,4350620.0,39913.0,320
201800000432,18,6,30,630,1,2,1,1.0,2.0,448,40 rue Edouard Isambard,M,4901382.0,137958.0,270
201800033097,18,2,19,2230,5,2,2,2.0,3.0,181,LOUIS BLANC (QUAI),M,4800947.0,19538.0,720
201800035991,18,2,1,1337,1,2,1,1.0,6.0,85,"9, TURENNE (AVENUE DE)",M,4583910.0,125892.0,870
201800050309,18,8,24,2250,5,2,3,1.0,3.0,101,RUE DE RIVOLI,M,4886666.0,233333.0,750
201800034395,18,6,17,1245,1,2,1,1.0,6.0,305,BEAUMARCHAIS (SQUARE),M,4839889.0,295627.0,770
201800051362,18,6,15,2345,5,2,3,1.0,6.0,102,"17, RUE DE CHOISEUL",M,4887020.0,233593.0,750
201800033284,18,3,24,1035,1,2,1,1.0,6.0,65,"114, FREIZIER (RUE)",M,4556893.0,591993.0,730
201800013863,18,10,1,1140,1,1,1,1.0,7.0,386,497 ROUTE DE LA VALLÉE,M,4801167.0,25634.0,720
201800049275,18,6,21,1020,1,1,1,1.0,2.0,183,RN88,M,4539706.0,435421.0,420
201800004220,18,8,20,1600,1,1,1,1.0,7.0,130,RD 362,M,4433648.0,396616.0,300
201800043212,18,5,4,1645,1,2,1,1.0,6.0,81,"161bis, EDOUARD TREMBLAY",M,4878288.0,237440.0,940
201800011098,18,12,7,1625,1,2,1,2.0,3.0,366,RD 406,M,4914578.0,26035.0,140
201800041069,18,10,25,1245,1,2,3,1.0,1.0,70,GABRIEL-PERI (AV),M,4890977.0,233308.0,930
201800004129,18,12,9,545,3,1,1,1.0,6.0,199,D 13 E5,M,4347411.0,340114.0,340
201800027137,18,1,24,1813,5,2,6,1.0,6.0,7,"00, BEAUSSIER BOULEVARD",M,4747682.0,-59916.0,490
201800052554,18,10,8,810,1,2,2,1.0,3.0,113,RUE DE LA POTERNE DES PE,M,,,750
201800022570,18,6,6,2216,3,1,1,1.0,6.0,60,SAINT GILLES (ROUTE),M,4378493.0,439148.0,300
201800025171,18,12,10,947,1,2,3,1.0,2.0,44,RUE MONTAIGNE/RUE LOTI,M,4679909.0,170442.0,360
201800003121,18,10,15,845,2,2,6,7.0,3.0,199,RN 66,M,4786611.0,703914.0,680
201800029661,18,1,12,1930,5,2,3,1.0,3.0,646,"14, CROIX (RUE DE)",M,5067726.0,313645.0,590
201800033807,18,6,30,1550,1,2,1,1.0,3.0,351,DESMALLIERES,M,4950083.0,14443.0,760
201800004098,18,6,2,411,3,1,1,1.0,7.0,6,route départementale 177,M,4332203.0,279554.0,340
201800003662,18,8,26,1700,1,2,1,1.0,7.0,70,RD1075 Aire de repos NOR,M,4431751.0,581346.0,50
201800038322,18,9,26,1245,1,2,2,1.0,3.0,44,MARIUS AUFAN(RUE) 69+ ET,M,4889495.0,228091.0,920
201800047135,18,12,20,730,2,1,1,1.0,4.0,161,AUTOROUTE A6,M,4870770.0,230640.0,910
201800051478,18,4,21,1530,1,2,2,1.0,6.0,110,"75, RUE DU FAUBOURG SAIN",M,4887280.0,235439.0,750
201800032505,18,7,12,930,1,2,2,1.0,3.0,290,GRENOBLE (DE)  -  RN 6,M,4571572.0,496177.0,690
201800035871,18,1,30,1440,1,2,1,1.0,7.0,194,"54, rue  JEAN JAURES",M,4658112.0,34477.0,860
201800051909,18,1,15,1140,1,2,2,2.0,3.0,112,AVENUE DES CANADIENS,M,4881710.0,245896.0,750
201800018045,18,2,24,900,1,1,1,1.0,6.0,187,D49,M,4996295.0,215960.0,800
201800034961,18,1,19,1750,5,2,1,2.0,4.0,21,R TERRAL,M,4990726.0,229014.0,800
201800019500,18,2,18,2220,5,2,1,1.0,6.0,15,AVENUE GAMBETTA,M,4565173.0,16281.0,160
201800015133,18,11,8,1430,1,1,1,1.0,7.0,490,84 route de paris,M,4373641.0,137411.0,310
201800055523,18,7,24,1055,1,2,1,1.0,5.0,118,PORTE DE SAINT OUEN,M,4890060.0,232880.0,750
201800044072,18,6,22,1940,1,1,1,1.0,4.0,514,A104 - LA FRANCILIENNE,M,4894847.0,262890.0,770
201800023688,18,11,10,1715,3,1,1,2.0,6.0,57,A39,M,4723903.0,525999.0,210
201800030709,18,12,26,2340,5,2,1,1.0,6.0,122,BOUL MARCEL DASSAULT,M,4346810.0,-153979.0,640
201800023530,18,5,1,1420,1,1,1,1.0,2.0,31,Autoroute A8 PK 100,M,4339799.0,635543.0,830
201800048489,18,9,1,2020,2,2,4,1.0,1.0,259,BALMES (DES),M,4572454.0,489111.0,690
201800053607,18,11,20,1030,1,2,1,2.0,3.0,116,VOIE GEORGES POMPIDOU,M,4885218.0,228072.0,750
201800044742,18,4,5,1740,1,1,1,1.0,3.0,18,AUTOROUTE A15,M,4895230.0,227970.0,950
201800012194,18,9,14,1235,1,1,3,1.0,7.0,23,Le rotoir,M,4819415.0,-57677.0,530
201800004145,18,6,21,2345,5,2,6,1.0,1.0,24,RD2,M,4346470.0,368983.0,340
201800026261,18,1,15,1945,5,2,1,9.0,3.0,109,RUE GAMBETTA,M,4722048.0,-154599.0,440
201800047570,18,6,23,1730,1,2,7,1.0,1.0,389,ST DIDIER,M,4577300.0,480666.0,690
201800050726,18,9,17,1430,1,2,1,1.0,3.0,105,BOULEVARD SAINT MARCEL,M,4883000.0,235000.0,750
201800021848,18,7,2,850,1,1,1,8.0,7.0,219,Lieu-dit La Glochais,M,4782963.0,-195027.0,350
201800021795,18,7,31,1740,1,1,1,1.0,6.0,209,route de geneve,M,4611315.0,588003.0,10
201800048274,18,5,25,1645,1,2,1,1.0,2.0,386,MARECHAL FOCH (DU),M,4577174.0,484306.0,690
201800017875,18,3,22,1808,1,2,2,1.0,3.0,108,RD936/RD936E3,M,4485457.0,-4223.0,330
201800057227,18,11,7,1020,1,2,9,1.0,6.0,407,Rue Stevenson,R,2093145.0,5529097.0,974
201800038408,18,2,13,1600,1,2,1,8.0,2.0,20,"140, REPUBLIQUE AV. N°27",M,4880600.0,229823.0,920
201800014669,18,4,16,1730,1,1,1,7.0,7.0,118,cours des clos durs,M,4610969.0,320207.0,30
201800009632,18,9,2,1430,1,2,2,1.0,3.0,55,CAILLOLS (AVENUE DES),M,4330401.0,542254.0,130
201800017420,18,6,23,150,5,2,1,1.0,6.0,494,120 chemin sous l'église,M,4640728.0,486768.0,710
201800031637,18,1,18,2100,4,1,1,2.0,6.0,482,"25, ALTKIRCH (RUE D )",M,4856083.0,777697.0,670
201800008236,18,9,18,1655,1,2,3,1.0,3.0,28,BODIN (AVENUE EMILE),M,4319384.0,560104.0,130
201800019012,18,3,9,1605,1,1,1,2.0,2.0,527,RD 317,M,4901550.0,249320.0,950
201800045972,18,7,4,1715,1,1,1,1.0,3.0,402,A13,M,4878197.0,218581.0,780
201800009170,18,6,14,1110,1,2,1,1.0,3.0,55,CHARTREUX (AVENUE DES),M,4330896.0,540048.0,130
201800013338,18,1,26,820,2,1,1,1.0,1.0,580,RD 650,M,4954975.0,-176058.0,500
201800003143,18,9,16,840,1,1,1,1.0,6.0,172,RD677,M,4861348.0,416802.0,100
201800030327,18,11,9,1045,1,2,9,1.0,3.0,193,VICTOR HUGO (BOULEVARD),M,5094244.0,187311.0,620
201800041836,18,1,24,1245,1,2,2,1.0,6.0,54,CACHIN/GUERIN,M,4874862.0,241210.0,940
201800002350,18,1,12,1659,1,2,9,1.0,2.0,537,Rue saint Cyr Girier,M,4563226.0,514364.0,380
201800037402,18,1,26,1005,1,2,1,1.0,3.0,12,YVES KERMEN (RUE) 51/FIN,M,,,920
201800002211,18,8,31,1810,1,1,1,1.0,7.0,155,route du marais,M,4542162.0,576246.0,380
201800024107,18,5,26,1800,1,2,1,1.0,6.0,63,34 R.SAINT-FRANCOIS,M,4483421.0,-57023.0,330
201800042585,18,10,13,2115,5,2,1,1.0,3.0,76,VERDUN (R DE),M,4879440.0,235422.0,940
201800010946,18,6,10,1550,1,1,1,1.0,6.0,350,D 999 - Lieu dit la répa,M,4398900.0,363366.0,300
201800006667,18,8,3,1120,1,1,3,1.0,1.0,127,Intersection D34 / C2,M,4844920.0,-46532.0,530
201800024685,18,3,11,2211,5,2,6,8.0,7.0,238,"00, BERGER (AVENUE GASTO",M,4812131.0,-170427.0,350
201800038698,18,5,25,135,5,2,5,1.0,3.0,51,"33, BINEAU (BOULEVARD, N",M,4888879.0,227384.0,920
201800014846,18,8,11,2215,3,1,1,1.0,1.0,422,D 946,M,4993407.0,363281.0,20
201800043535,18,3,28,1710,1,2,1,1.0,2.0,268,BD DE LA MUETTE,M,4897180.0,242010.0,950
201800038442,18,5,31,1425,1,2,1,1.0,6.0,49,"19, DORMOY AVENUE MARX N",M,4880980.0,232415.0,920
201800031143,18,11,24,615,5,2,1,1.0,6.0,417,MITTERRAND (AVENUE FRANC,M,4322590.0,9980.0,650