Num_Acc,an,mois,jour,hrmn,lum,agg,int,atm,col,com,adr,gps,lat,long,dep
201800037966,18,10,10,849,1,2,4,1.0,3.0,26,MARECHAL JOFFRE (QUAI DU,M,4889751.0,226643.0,920
201800024435,18,10,1,1820,1,2,1,1.0,6.0,172,GANGES (ROUTE DE,M,4363694.0,384724.0,340
201800009173,18,6,14,2130,2,2,1,1.0,7.0,55,VALLON DE L'oriol,M,4327861.0,536283.0,130
201800035357,18,10,20,1046,1,2,6,1.0,6.0,61,RUE MARCHAL GALLIENI,M,4343360.0,679314.0,830
201800000937,18,9,21,600,3,1,1,3.0,7.0,23,D752-Beaupréau,M,4721543.0,-99246.0,490
201800024080,18,1,24,745,2,2,1,1.0,6.0,63,QUAI DE LA MONNAIE,M,4483470.0,-56308.0,330
201800041352,18,8,4,1235,1,2,2,1.0,3.0,2,CHARLES DE GAULLE (R),M,4881447.0,241391.0,940
201800031565,18,3,13,600,3,1,1,2.0,5.0,82,a40,M,4614206.0,614322.0,740
201800036423,18,4,24,1900,1,2,1,1.0,7.0,103,RD19,M,4858085.0,230794.0,910
201800027613,18,10,21,720,3,1,3,1.0,7.0,99,CHATEAU (ALLEE DU),M,4702516.0,-91688.0,490
201800002781,18,3,24,255,4,1,1,5.0,6.0,196,sortie RN 57 - flavigny,M,4857660.0,617491.0,540
201800032541,18,9,4,1830,1,2,1,1.0,3.0,256,PAUL TESTE,M,4577300.0,491300.0,690
201800015040,18,9,7,1745,2,1,4,1.0,1.0,219,D73,M,4532513.0,508522.0,380
201800022493,18,5,29,1645,1,2,1,1.0,7.0,7,THOREZ (AVE MAURICE),M,4413847.0,408279.0,300
201800008741,18,3,27,1205,1,2,1,1.0,6.0,55,"162, TIMONE (AVENUE DE L",M,4328671.0,541072.0,130
201800016355,18,9,15,2040,3,1,1,1.0,1.0,12,RD 920,M,4489223.0,244565.0,150
201800022435,18,12,28,950,1,2,9,1.0,6.0,232,DUPLEIX BOULEVARD,M,4759000.0,-410074.0,290
201800001485,18,2,9,1721,3,1,1,4.0,1.0,227,le bois michou,M,4526924.0,169564.0,190
201800055687,18,11,6,1845,5,2,1,1.0,3.0,112,ECHANGEUR BERCY,M,4882680.0,239140.0,750
201800013836,18,7,11,1745,1,1,1,1.0,4.0,269,"La Mordandière, départem",M,4792809.0,72084.0,720
201800009259,18,5,29,1710,1,2,1,1.0,7.0,55,POILUS (AVENUE DES),M,4331878.0,545945.0,130
201800041537,18,1,2,2330,5,2,2,1.0,4.0,17,STALINGRAD/A4 PT NOGENT,M,4883076.0,249307.0,940
201800046988,18,10,24,1305,1,1,1,1.0,3.0,76,AUTOROUTE A6B,M,4879273.0,234434.0,940
201800015360,18,7,16,815,1,1,1,1.0,1.0,130,Kerlannou Bras,M,4837214.0,-462951.0,290
201800038530,18,1,13,1555,1,2,2,1.0,3.0,50,VIEUX PONT RUE DU,M,4888975.0,218680.0,920
201800035444,18,6,26,900,1,2,9,1.0,6.0,123,ESTIENNE D'ORVES (BD),M,4311600.0,580663.0,830
201800044277,18,10,2,1645,1,1,9,1.0,2.0,58,A4.W - PROVINCE PARIS,M,4883031.0,270083.0,770
201800038145,18,10,6,1140,1,2,7,1.0,6.0,36,DOCTEUR ROUX (PLACE DU),M,4892743.0,229470.0,920
201800048964,18,7,26,1445,1,1,1,1.0,2.0,75,ROCADE A 630,M,4488977.0,-61662.0,330
201800057639,18,6,11,1125,1,2,9,1.0,3.0,611,kaweni-Kaweni nord ( Z I,Y,1275557.0,4523245.0,976
201800002981,18,12,1,1025,1,1,1,1.0,2.0,520,21 rue du général de Gau,M,4863794.0,745191.0,670
201800034523,18,6,16,1430,1,1,1,1.0,7.0,118,ROUTE NATIONALE 3,M,4894254.0,265156.0,770
201800003074,18,11,21,730,2,1,1,8.0,6.0,287,D18BIS,M,4794587.0,727517.0,680
201800042118,18,1,10,1825,5,2,1,1.0,3.0,43,"25 ter, AV EUGENE THOMAS",M,4848355.0,221332.0,940
201800017234,18,7,13,900,1,1,1,7.0,1.0,237,lieu dit les besses,M,4592735.0,254785.0,630
201800036593,18,5,2,1525,1,2,1,1.0,2.0,215,QUINCY (RUE DE),M,4868630.0,251150.0,910
201800044121,18,7,12,43,3,1,1,1.0,6.0,384,A5b,M,4860829.0,263283.0,770
201800049789,18,4,10,1250,1,1,1,1.0,2.0,71,A7-Sens Lyon vers Marsei,M,4340470.0,533990.0,130
201800041178,18,12,14,1355,1,2,9,1.0,2.0,59,ELYSEE RECLUS (AVENUE) N,M,4895015.0,235750.0,930
201800011479,18,8,24,1640,1,2,1,1.0,1.0,137,rue de la bruyère des da,M,4876942.0,76049.0,270
201800009695,18,9,11,1900,1,2,1,1.0,3.0,55,POMPIDOU (PROMENADE),M,4326757.0,537188.0,130
201800032283,18,5,19,340,5,2,1,1.0,2.0,13,JOUX (avenue de),M,4600600.0,473160.0,690
201800056000,18,6,25,755,1,2,1,1.0,3.0,304,AVENUE DE PARIACABO,G,515573.0,5265920.0,973
201800040662,18,4,12,1624,1,2,1,2.0,6.0,77,"130, NEUILLY (RUE DE)",M,4887696.0,252459.0,930
201800031366,18,12,8,1555,1,2,1,1.0,6.0,136,BRIAND BOULEVARD ARISTID,M,4269214.0,289912.0,660
201800050224,18,2,17,1735,1,2,1,1.0,7.0,101,RUE ETIENNE MARCEL,M,4886430.0,234729.0,750
201800015634,18,2,12,1650,1,2,1,1.0,6.0,68,7 rue de la goulgatière,M,4810349.0,-141627.0,350
201800053398,18,6,8,124,5,2,2,1.0,3.0,116,ALLEE DE LONGCHAMP,M,4886780.0,225104.0,750
201800006537,18,9,27,1530,1,2,1,1.0,7.0,485,D106B,M,4518472.0,569659.0,380
201800029423,18,8,4,1640,1,2,2,1.0,3.0,540,HUGO VICTOR,M,5103100.0,234800.0,590
201800007307,18,4,21,1225,1,2,6,1.0,3.0,343,FABLE (RUE),M,4827382.0,409266.0,100
201800022240,18,4,23,245,3,1,1,1.0,6.0,205,A5 PK 215.300,M,4800093.0,511614.0,520
201800050516,18,1,5,1615,1,2,3,1.0,6.0,104,"3, RUE DE SEVIGNE",M,4885510.0,236163.0,750
201800052497,18,8,18,1820,1,2,2,1.0,6.0,113,BOULEVARD DE L HOPITAL,M,,,750
201800005538,18,11,7,35,4,1,1,2.0,6.0,104,JAURES (AVENUE JEAN),M,4375515.0,744781.0,60
201800012204,18,8,12,1400,1,1,2,1.0,3.0,93,RD 515,M,4845557.0,-98828.0,530
201800001220,18,6,9,1640,1,1,1,1.0,1.0,177,D1215  PR67+805 réel,M,4533957.0,-97935.0,330
201800035079,18,6,26,615,1,1,1,1.0,2.0,21,AV ROGER DUMOULIN,M,4994671.0,227709.0,800
201800013215,18,11,22,840,1,1,1,1.0,1.0,95,D 560 PK 44,M,4356551.0,604205.0,830
201800004403,18,12,7,600,2,1,1,5.0,5.0,193,RT 20,M,4241648.0,919611.0,202
201800050287,18,7,3,800,1,2,7,1.0,4.0,101,"40, RUE DU LOUVRE",M,4886300.0,234189.0,750
201800049485,18,10,28,1720,3,1,1,2.0,2.0,277,RN346   36.215 A 38.000,M,4573342.0,498017.0,690
201800028149,18,11,11,1105,1,2,2,1.0,3.0,454,AVENUE COOK,M,4922806.0,403376.0,510
201800057007,18,7,31,1420,1,1,1,1.0,2.0,302,ZONE COLLERY I OU II,G,490138.0,5232507.0,973
201800004507,18,9,11,1450,1,2,1,1.0,6.0,61,GUILLAUME FAREL ( AVENUE,M,4455837.0,607079.0,50
201800006272,18,5,15,2246,3,1,1,1.0,6.0,250,A40,M,4607584.0,637964.0,740
201800054672,18,3,2,1405,1,2,3,1.0,3.0,120,"19, AVENUE GAMBETTA",M,4886380.0,239109.0,750
201800001690,18,6,24,1800,1,1,3,7.0,3.0,271,D630 - route de lavaur,M,4376135.0,169874.0,810
201800051786,18,7,26,1310,1,2,1,1.0,6.0,111,RUE DU FAUBOURG DU TEMPL,,,,750
201800041193,18,2,2,1925,5,1,1,8.0,2.0,73,CHAPIT RE ( RUE DU),M,4899139.0,252420.0,930
201800050261,18,5,17,1155,1,2,2,1.0,6.0,101,"10, BOULEVARD DU PALAIS",M,4885620.0,234643.0,750
201800013399,18,10,23,630,3,1,2,1.0,3.0,3,RD650,M,4905391.0,-156410.0,500
201800006996,18,2,11,1830,3,1,9,2.0,6.0,348,RD 500 echangeur ZI OBER,M,4847130.0,751257.0,670
201800005976,18,8,17,955,1,1,1,1.0,6.0,601,A11 - PK 027+500,M,4853933.0,188927.0,780
201800008401,18,1,26,830,1,2,3,2.0,1.0,55,61 Bd Gillibert,M,4326415.0,540559.0,130
201800032402,18,3,23,2210,5,2,1,1.0,2.0,266,"., TOLSTOI    (Cours)",M,4576166.0,488208.0,690
201800001585,18,8,4,910,1,2,1,1.0,6.0,102,22 avenue du général De,M,4461287.0,202842.0,460
201800010743,18,7,26,1920,1,1,1,1.0,6.0,251,RD 109,M,4815274.0,509009.0,520
201800045673,18,1,25,830,1,1,1,2.0,3.0,640,A86 EXT,M,4878072.0,217898.0,780
201800047882,18,12,30,810,1,2,2,1.0,3.0,384,HERBOUVILLE (D'),M,4577920.0,484109.0,690
201800027211,18,3,28,1613,1,2,1,1.0,1.0,7,"19, BEAUSSIER BOULEVARD",M,4747992.0,-59534.0,490
201800039232,18,3,3,1815,2,2,1,1.0,1.0,1,"80, REPUBLIQUE (AVENUE D",M,4890832.0,238730.0,930
201800039076,18,5,25,1315,1,2,3,1.0,3.0,73,"1, DASSAULT (QUAI MARCEL",M,4885962.0,222411.0,920
201800008036,18,6,1,1230,1,2,1,1.0,2.0,1,RD 7,M,4349604.0,540378.0,130
201800025110,18,10,29,1600,1,2,2,1.0,3.0,288,REVENANT (RUE DU),M,4863090.0,-200315.0,350
201800050145,18,12,1,1345,1,1,1,1.0,2.0,15,A51-Sens Marseille vers,M,4345334.0,539725.0,130
201800011519,18,7,31,1000,1,2,1,1.0,6.0,214,RD 6014 hameau du musseg,M,4930310.0,144850.0,270
201800032694,18,2,11,1900,3,1,1,2.0,5.0,334,N4,M,4871215.0,463940.0,510
201800011522,18,10,20,1155,1,1,1,1.0,3.0,493,D321,M,4932921.0,123552.0,270
201800031680,18,3,12,755,1,2,3,2.0,6.0,482,"0, OBERELSAU (RUE DE L )",M,4857076.0,771009.0,670
201800047543,18,6,5,1200,1,2,1,1.0,6.0,382,AUVERGNE (D'),M,4575381.0,483186.0,690
201800051299,18,1,2,1309,1,2,3,8.0,3.0,109,"16, BOULEVARD POISSONNIE",M,4887110.0,234568.0,750
201800049337,18,3,2,2035,3,1,9,1.0,4.0,256,A42     0.560 A 4.020,M,4580243.0,492655.0,690
201800041017,18,4,8,1300,1,2,9,1.0,5.0,70,MICHELET(AV):N°1AU 103,M,4891088.0,234412.0,930
201800019035,18,7,28,2359,3,2,1,1.0,7.0,147,favars,M,4505152.0,148173.0,190
201800006189,18,11,8,1510,1,1,1,3.0,1.0,19,A6,M,4609803.0,474855.0,690
201800019078,18,5,4,1615,1,2,1,1.0,1.0,37,rue camélinat,M,5019753.0,337926.0,590
201800039456,18,1,15,100,5,2,3,1.0,6.0,7,"107, ""PAUL VAILLANT COUT",M,4892656.0,247110.0,930
201800008332,18,1,11,830,1,2,1,1.0,2.0,55,"36, ROY D'ESPAGNE (CHEMI",M,4324103.0,539708.0,130
201800026118,18,5,24,1652,1,2,1,1.0,6.0,218,PLACE DU PEUPLE,M,4543656.0,438827.0,420
201800022836,18,11,27,855,1,2,1,7.0,1.0,483,CHAPELLE (VOIE DE LA ),M,4310553.0,69849.0,310
201800039197,18,7,9,1640,1,2,1,1.0,7.0,78,"2, RENIERS (AVENUE CHEMI",M,,,920
201800028132,18,10,13,1430,1,2,9,1.0,3.0,454,PLACE DU GENERAL GOURAUD,M,4924412.0,404934.0,510
201800030192,18,7,8,1540,1,2,9,1.0,3.0,41,LOBBEDEZ ( AVENUE FERNAN,M,5028117.0,278083.0,620
201800033956,18,3,27,1330,1,2,3,1.0,2.0,540,av de la  GRAND MARE,M,4945467.0,113567.0,760
201800004615,18,9,5,1515,1,1,1,1.0,1.0,87,route de bissy - ferme d,M,4861634.0,204714.0,780
201800027284,18,5,12,1730,1,2,1,1.0,2.0,7,DEUX CROIX BOULEVARD,M,4747344.0,-52994.0,490
201800025656,18,12,20,1005,1,1,1,1.0,4.0,122,RD 37,M,4739100.0,64700.0,370
201800048893,18,5,11,1615,1,1,1,1.0,3.0,90,AUTOROUTE A 63,M,4476686.0,-66897.0,330
201800046768,18,7,16,1520,1,1,1,1.0,7.0,34,AUTOROUTE A86,M,4878590.0,234460.0,940
201800033976,18,4,25,1305,1,2,3,1.0,6.0,540,RUE LA FAYETTE,M,4943313.0,109056.0,760
201800036223,18,10,27,2130,5,2,1,1.0,6.0,85,LANDOUGE (AVENUE DE),M,4584040.0,119870.0,870
201800019435,18,6,11,1820,1,2,1,1.0,3.0,57,Route Nationale 07 - Bor,M,4337648.0,622170.0,830
201800006419,18,4,2,1830,1,1,1,1.0,1.0,65,Route d'Egalières,M,4370304.0,488423.0,130
201800047679,18,9,13,1040,1,2,1,1.0,2.0,152,AMPERE,M,4570687.0,481457.0,690
201800035825,18,3,23,1750,1,2,1,2.0,3.0,66,NOBEL (RUE ALFRED),M,4683355.0,53680.0,860
201800017826,18,4,15,750,1,1,1,1.0,6.0,36,D932E9 PR0+325 réel,M,4441942.0,-21611.0,330
201800038090,18,4,5,1715,1,2,1,1.0,6.0,36,"11, MERCIERES (ROUTE DES",M,4800000.0,220000.0,920
201800040348,18,10,1,2000,2,2,5,1.0,2.0,48,PRESIDENT WILSON (AVENUE,M,4885563.0,243955.0,930
201800022904,18,1,26,935,1,1,1,2.0,4.0,555,VA007306 A64,M,4355776.0,141280.0,310
201800013872,18,1,26,1810,3,2,1,2.0,7.0,71,92 rue aristide briand,M,4769659.0,41652.0,720
201800032906,18,6,6,1217,1,1,3,1.0,3.0,128,la cavalière,M,4829028.0,-172250.0,350
201800048860,18,3,29,800,1,1,1,1.0,3.0,366,AUTOROUTE A 10,M,4500887.0,-42841.0,330
201800009909,18,10,15,1240,1,2,1,8.0,2.0,55,FERNANDEL (AVENUE),M,4331243.0,545086.0,130
201800030535,18,3,4,2240,5,2,1,1.0,6.0,24,28 AV EUGENE BERNAIN,M,4348490.0,-151210.0,640
201800034653,18,5,17,1820,1,2,1,1.0,1.0,361,RUE MARIE LAURENCIN,M,4900235.0,168475.0,780
201800019388,18,4,26,1020,1,1,1,1.0,6.0,47,d6113,M,4377614.0,446412.0,300
201800021097,18,4,20,1440,1,2,3,1.0,3.0,462,SALENGRO R. PLACE,M,4690364.0,635281.0,250
201800003781,18,12,15,1000,1,2,1,1.0,6.0,23,boulevard saint louis,M,4340666.0,606454.0,830
201800035096,18,7,24,2350,5,2,1,1.0,7.0,21,BD DU PORT D'AVAL,M,4989877.0,229115.0,800
201800017134,18,8,12,1815,1,2,1,8.0,6.0,533,"115, AV PIERRE CURIE",M,5006496.0,139434.0,800
201800008452,18,2,3,1325,1,2,1,1.0,6.0,55,5 Bd de la Méditerranée,M,4333327.0,536327.0,130
201800013928,18,10,4,1855,1,2,1,1.0,6.0,180,Avenue Louis Legros,M,4835006.0,37936.0,720
201800037552,18,5,11,1520,1,2,2,1.0,3.0,19,JUSTICE (CHEMIN),M,4876670.0,226441.0,920
201800031947,18,9,28,1500,1,2,1,1.0,6.0,482,FINKMATT (QUAI),M,4858740.0,774786.0,670
201800003215,18,8,17,1630,1,2,1,1.0,3.0,360,85 route de la poste,M,4632399.0,474232.0,710
201800037542,18,3,6,2305,5,2,1,2.0,6.0,71,"27/27, CHERRIER ALPHONSE",M,4877425.0,228815.0,920
201800038362,18,4,11,605,3,2,1,1.0,6.0,48,MORANE SAULNIER (AVENUE),M,,,920
201800008910,18,4,25,1650,1,2,4,1.0,3.0,55,CANEBIERE     1 A 79,M,4329729.0,538016.0,130
201800054962,18,3,25,506,5,2,2,1.0,2.0,111,"48, AVENUE PARMENTIER",M,4886200.0,237698.0,750
201800052451,18,6,16,2230,5,2,3,1.0,3.0,113,"12, RUE NEUVE TOLBIAC",M,4883190.0,237906.0,750
201800004029,18,4,4,1700,1,2,1,1.0,2.0,327,RD 613,M,4365043.0,395831.0,340
201800023407,18,12,19,735,5,2,1,2.0,6.0,555,AV DES COTEAUX,M,4356782.0,145218.0,310
201800008915,18,4,25,2340,5,2,3,1.0,3.0,55,139 Ch St-Joseph À Ste-M,M,4334596.0,538144.0,130
201800050871,18,4,27,2345,5,2,3,1.0,3.0,107,QUAI D ORSAY,M,4886280.0,231163.0,750
201800036801,18,2,2,1200,1,2,9,1.0,3.0,687,SABLONS (AVENUE DES),M,4866729.0,236583.0,910
201800035853,18,2,16,1230,1,2,1,1.0,4.0,194,Blvd   BAJON,M,4658127.0,35287.0,860
201800002230,18,11,4,400,3,1,1,1.0,6.0,545,Chemin de l' ACHAL,M,4507373.0,568052.0,380
201800050280,18,6,20,20,5,2,2,1.0,3.0,101,"41, BOULEVARD DE SEBASTO",M,4885850.0,234820.0,750
201800028192,18,12,26,1815,5,2,6,1.0,3.0,454,ROUTE DE CHALONS,M,4923652.0,407139.0,510
201800042988,18,5,7,1710,1,2,1,1.0,6.0,74,40 RUE DU COLONEL FABIEN,M,4874530.0,246910.0,940
201800045289,18,10,6,1115,1,1,1,1.0,5.0,28,RN 104,M,4906280.0,233580.0,950
201800027666,18,1,6,1915,5,2,1,3.0,2.0,416,"24, BRETON (RUE DU)",M,4965026.0,-169900.0,500
201800019634,18,4,18,1310,1,2,1,1.0,1.0,300,EGLANTINE   RUE FABRE D',M,4615251.0,-111422.0,170
201800005550,18,1,8,1620,1,2,1,6.0,6.0,159,"64, GEORGES CLEMENCEAU (",M,4370719.0,731301.0,60
201800049713,18,2,25,110,3,1,1,1.0,2.0,81,A7-Sens Lyon vers Marsei,M,4348768.0,524052.0,130
201800054282,18,12,4,1755,5,2,2,1.0,3.0,118,PORTE DE LA CHAPELLE,M,4889849.0,235929.0,750
201800046702,18,6,26,1635,1,1,1,1.0,2.0,34,AUTOROUTE A6B,M,4875357.0,233135.0,940
201800032412,18,4,3,2125,4,2,9,1.0,6.0,290,JULIETTE RECAMIER,M,4569509.0,493398.0,690
201800036199,18,10,7,1911,1,2,1,1.0,6.0,85,SABLARD (AVENUE DE),M,4582970.0,127642.0,870
201800010804,18,7,26,650,2,1,1,1.0,6.0,13,"D901, lieu-dit NOJARET",M,4453433.0,357675.0,480
201800055905,18,11,13,2046,3,1,1,1.0,6.0,117,RN5 zevallos,A,1632036.0,6137126.0,971
201800006166,18,10,15,1635,1,2,3,1.0,3.0,365,rue du 11 novembre/rue d,M,4928876.0,120424.0,270
201800021610,18,9,19,230,3,1,9,1.0,6.0,648,a28,M,4965852.0,128494.0,760
201800010821,18,11,16,1900,3,1,1,1.0,7.0,82,RN 88,M,4459469.0,364334.0,480
201800033982,18,5,7,1515,1,2,3,1.0,6.0,498,JAURES. AVENUE JEAN,M,4942698.0,106377.0,760
201800009127,18,6,5,1945,5,2,2,1.0,3.0,55,GRANOUX (RUE),M,4329870.0,539871.0,130
201800034690,18,6,22,2025,1,2,1,1.0,6.0,440,8 MAI 1945 (PLACE DU),M,,,780
201800050254,18,5,4,2045,1,2,2,1.0,3.0,101,QUAI FRANCOIS MITTERRAND,M,4886010.0,233333.0,750
201800005778,18,9,6,2227,5,2,1,1.0,2.0,88,ANGLAIS (DU Nø 45 AU Nø,M,4369386.0,725619.0,60
201800010609,18,4,13,1900,1,1,1,1.0,6.0,479,CD 4 PK 31+900,M,4796699.0,623029.0,880
201800013702,18,1,24,1545,1,2,1,1.0,7.0,148,1207 route de vence,M,4371797.0,707034.0,60
201800047293,18,11,27,1715,5,2,1,2.0,4.0,33,11 - RT,M,4266848.0,944309.0,202
201800016884,18,4,8,1520,1,1,1,1.0,5.0,364,RD 347,M,4713174.0,-16864.0,490
201800004253,18,9,14,1700,1,1,1,1.0,3.0,69,DEPARTEMENTALE 18 PK 2.5,M,4279661.0,282211.0,660
201800050164,18,12,12,730,5,1,1,1.0,4.0,56,A507 sens Aubagne- Marse,M,4333633.0,538029.0,130
201800012991,18,7,24,1020,1,1,1,1.0,2.0,146,D61,M,4771935.0,189843.0,450
201800014175,18,9,9,1630,1,1,1,1.0,7.0,257,RD 958 - PK 41+700,M,4710968.0,358497.0,580
201800047539,18,6,7,2100,3,2,1,2.0,6.0,385,BONDY (DE),M,4576602.0,482884.0,690
201800033775,18,5,17,1846,1,2,1,1.0,7.0,351,RENE CANCE,M,4950374.0,14709.0,760
201800015200,18,10,22,1850,5,2,2,1.0,3.0,399,Route de toulouse,M,4334990.0,126928.0,310
201800017032,18,11,11,640,3,1,1,2.0,6.0,145,La rouillère,M,4857168.0,-60814.0,610
201800055728,18,12,7,1420,1,2,1,2.0,6.0,113,BD PERIPHERIQUE EXTERIEU,M,,,750
201800023893,18,4,14,1849,1,2,3,1.0,3.0,63,B>PRVINCENT/A>TOURVILLE,M,4487640.0,-55997.0,330
201800039296,18,9,3,2230,5,2,4,1.0,3.0,1,ANDRE KARMAN (RUE)  138/,M,4891236.0,238522.0,930
201800002516,18,8,28,1400,1,2,9,1.0,6.0,280,2 route des aravis,M,4588302.0,632423.0,740
201800023288,18,10,12,645,5,2,1,1.0,3.0,149,SERRES (AVENUE EDOUARD),M,4361221.0,135220.0,310
201800027147,18,2,9,1402,1,2,1,1.0,6.0,7,"00, BREMONT",M,4746601.0,-55946.0,490
201800049853,18,5,16,1715,1,1,1,1.0,2.0,71,A51-Sens Marseille vers,M,4341214.0,536437.0,130
201800009977,18,10,24,1130,1,2,1,1.0,5.0,55,STRASBOURG (BOULEVARD),M,4330810.0,537675.0,130
201800028250,18,1,9,730,2,2,1,1.0,6.0,136,"6, DE GAULLE (RUE DU GEN",M,4916671.0,585765.0,540
201800038400,18,1,2,1230,1,2,1,1.0,3.0,49,"15, PERI RUE GABRIEL N°1",M,4881773.0,232359.0,920
201800053489,18,8,25,1500,1,2,3,1.0,2.0,116,AVENUE DU PRESIDENT WILS,M,4886480.0,229580.0,750
201800034162,18,3,3,2026,4,2,6,2.0,6.0,131,STRASBOURG (AVENUE DE),M,4880861.0,308307.0,770
201800057001,18,7,24,1405,1,1,6,1.0,3.0,302,BADUEL (ROUTE DE),G,493259.0,5230905.0,973
201800015128,18,9,8,1300,1,1,1,1.0,3.0,490,18 route de saint sauveu,M,4374981.0,137977.0,310
201800047425,18,3,26,1910,2,2,1,2.0,6.0,385,"4, DEBROUSSE",M,4575126.0,481596.0,690
201800033318,18,7,21,2200,5,1,1,1.0,6.0,65,VOIE RAPIDE URBAINE,M,4557352.0,593292.0,730
201800009060,18,5,25,2347,5,2,2,1.0,3.0,55,CROIX ROUGE (AVENUE),M,4333322.0,543807.0,130